0.9999981857950511,1.6091474904433932e-06,5.111437538846811e-08,2.2062591328375677e-08,1.408751948582111e-08,1.0733026580744509e-08,8.553652233764383e-09,7.030477632576103e-09,5.984096414396695e-09,5.248820348473944e-09,4.723371383770018e-09,4.328624556141294e-09,4.016747428685811e-09,3.75763928320362e-09,3.537266390961527e-09,3.3545074351768372e-09,3.1996608196640485e-09,3.0662739704521672e-09,2.9503954079651945e-09,2.8470909487152916e-09,2.7510549125865285e-09,2.6629018277509928e-09,2.5832361190792313e-09,2.5108780359492038e-09,2.445148393548865e-09,2.384451096596604e-09,2.3279361750194137e-09,2.2755299461422007e-09,2.2271415877419624e-09,2.1824281576666525e-09,2.1409346840437615e-09,2.1022158756163887e-09,2.065379671130856e-09,2.0304755637548097e-09,1.9975542839081588e-09,1.9663908060579045e-09,1.9370335905723303e-09,1.9092557802752e-09,1.8828952214101696e-09,1.8578231150307846e-09
1.7517596896456059e-06,0.9999980291189259,5.828984965964783e-08,2.3824364331230082e-08,1.4953779472571896e-08,1.1309536025577537e-08,8.962920742672177e-09,7.334847508488005e-09,6.2238719625691986e-09,5.447285896610812e-09,4.894608938458324e-09,4.4806649232453514e-09,4.154341173241377e-09,3.883652902231553e-09,3.6537271364762785e-09,3.463321774212416e-09,3.3021863836111465e-09,3.163518392564907e-09,3.043157169754411e-09,2.9359242777391967e-09,2.8362652126440834e-09,2.744825366322993e-09,2.66223526729382e-09,2.58725931928519e-09,2.519185919801974e-09,2.456347832730752e-09,2.3978580387551827e-09,2.343639518995074e-09,2.293596894568642e-09,2.2473720576053605e-09,2.2044905724942498e-09,2.1644884923642624e-09,2.1264375410031444e-09,2.0903894663547757e-09,2.0563970980172327e-09,2.024226449718551e-09,1.993927837975079e-09,1.9652654185221803e-09,1.9380706863027976e-09,1.912209873384813e-09
1.8863084830019892e-08,2.1558247042444735e-07,0.9999993322920306,1.420784408979163e-07,5.222969621500247e-08,3.286682029535432e-08,2.249058613831813e-08,1.646637758970045e-08,1.2959951341288132e-08,1.0783728441893295e-08,9.369087433300625e-09,8.374960912905375e-09,7.625354840729165e-09,7.02185312756923e-09,6.521524775422754e-09,6.119066573502706e-09,5.786269010523059e-09,5.505258586948477e-09,5.2654367899182025e-09,5.054207281642391e-09,4.8586060950809794e-09,4.680424789253724e-09,4.521177149434488e-09,4.378002303545245e-09,4.249262202986554e-09,4.1312277822475854e-09,4.021968284898687e-09,3.921342994922282e-09,3.829145492223754e-09,3.744594297589034e-09,3.6666688601675545e-09,3.5943848837510233e-09,3.5257994093966636e-09,3.461045111621682e-09,3.4002458074241503e-09,3.3429243298485138e-09,3.2891906401575376e-09,3.238563340527072e-09,3.1907025495590823e-09,3.14534189650094e-09
7.53802891422051e-09,3.048852170134881e-08,2.5798353851544904e-07,0.9999985785441683,5.439645764917215e-07,1.784555302355119e-07,7.484486298262688e-08,4.167945226633955e-08,2.826986402346388e-08,2.1565864345807907e-08,1.778088417849148e-08,1.5349011463032213e-08,1.3619584744726343e-08,1.227813691451533e-08,1.119845621286622e-08,1.0360606243146672e-08,9.686704493337845e-09,9.130154658751976e-09,8.664400299120179e-09,8.259283026469436e-09,7.885070520217242e-09,7.546807668042715e-09,7.248117540387997e-09,6.982510552207043e-09,6.74629974798845e-09,6.53133358172054e-09,6.33353679631844e-09,6.1526773656545745e-09,5.988320441278801e-09,5.838808264179376e-09,5.702008166292674e-09,5.575896607283583e-09,5.456525731831943e-09,5.344223682045815e-09,5.239272940913154e-09,5.1407309903555495e-09,5.048830468874261e-09,4.962620419015311e-09,4.881440341400072e-09,4.80477639774916e-09
5.51723802652382e-09,1.911795741076951e-08,7.868486219202382e-08,6.568771250506697e-07,0.999995507303949,3.102900782544799e-06,1.8223427937220705e-07,7.212012248556868e-08,4.300847056419801e-08,3.079956853252416e-08,2.454247828306112e-08,2.073939822510657e-08,1.8124082709564573e-08,1.6135201201622313e-08,1.4559427194430183e-08,1.3361171666108122e-08,1.241185448807458e-08,1.1637024033846338e-08,1.0995265990977328e-08,1.0440406100644934e-08,9.927848332011178e-09,9.466179822423624e-09,9.061122917214646e-09,8.703016642412826e-09,8.386410514832824e-09,8.099357160093424e-09,7.836010203580794e-09,7.596108346408224e-09,7.3790455444044945e-09,7.182437725371964e-09,7.003234528345569e-09,6.838565554294933e-09,6.682854511681189e-09,6.536618002543277e-09,6.400282977448707e-09,6.27253998905806e-09,6.153728584796663e-09,6.042526355977508e-09,5.938023454402459e-09,5.839514711336877e-09
4.995006627859363e-09,1.6576107171818046e-08,5.905349933468506e-08,2.879869149874955e-07,3.3669236094607104e-06,0.9999955264361897,2.4476975620783187e-07,8.509955815219472e-08,4.875521864900383e-08,3.4279498029256695e-08,2.7060696532135756e-08,2.273794081161067e-08,1.9789905109442497e-08,1.7557269543298532e-08,1.579433630877914e-08,1.4461471096453624e-08,1.34098941182111e-08,1.2554307259275443e-08,1.184766927452601e-08,1.1237518927124958e-08,1.0673375743301856e-08,1.016555471656559e-08,9.720799183917679e-09,9.328236314997245e-09,8.9817628393179e-09,8.667930793781037e-09,8.380219121635923e-09,8.118390418260297e-09,7.881796287779916e-09,7.66777854373752e-09,7.47293187418385e-09,7.294058203651331e-09,7.12493693720181e-09,6.966173417977548e-09,6.818261746143804e-09,6.6797522855338086e-09,6.551033599756631e-09,6.43063958928135e-09,6.317565487695637e-09,6.211033496754912e-09
2.3736165571278944e-09,6.646591161729979e-09,1.530885470800614e-08,3.299125789225706e-08,7.450776438385707e-08,3.401599960348267e-07,0.9999974585563829,9.76281395264014e-07,2.2550928547373792e-07,1.1860048279470342e-07,8.260007640649599e-08,6.463665386140033e-08,5.342635031826462e-08,4.521710783481299e-08,3.89562168242717e-08,3.45745868409792e-08,3.129717207351933e-08,2.8732779196075388e-08,2.6687622523649032e-08,2.4944450177067085e-08,2.33049583816457e-08,2.1839416251510603e-08,2.0586212059812336e-08,1.9503844266649162e-08,1.8570071991213238e-08,1.7734822053882432e-08,1.6976092376619468e-08,1.6295030540621056e-08,1.569010573747055e-08,1.5152199091051217e-08,1.4669751850269619e-08,1.4232208813545399e-08,1.3819234486158755e-08,1.3433683340656701e-08,1.3077678884309366e-08,1.2746825112784785e-08,1.2442604979590578e-08,1.216050559066769e-08,1.1897535728625e-08,1.1651450807914817e-08
1.7109699305316946e-09,4.748433166741686e-09,1.0228886515084789e-08,2.0129364311444063e-08,4.014844284165588e-08,1.1135792680406394e-07,6.251892843448253e-07,0.9999951795868323,1.935777529181725e-06,4.498468752715538e-07,2.576561835685866e-07,1.829886447726542e-07,1.4038391532782444e-07,1.1006034780660206e-07,8.829944382506681e-08,7.476166707590032e-08,6.536674048534232e-08,5.839170153394532e-08,5.307529460573234e-08,4.861844747075102e-08,4.4363149122971684e-08,4.0624716017598595e-08,3.753649511322013e-08,3.494904125563163e-08,3.278209964109079e-08,3.087923795012061e-08,2.9176201648384293e-08,2.767569043558606e-08,2.637064563020296e-08,2.5233241282419306e-08,2.4230641850374765e-08,2.333420330399104e-08,2.249195254831679e-08,2.1711905309894957e-08,2.099938412470562e-08,2.0343389321637042e-08,1.974724040283286e-08,1.9199798491435928e-08,1.869381897187393e-08,1.8223980934424194e-08
1.3762099664457476e-09,3.85983339460786e-09,8.069142549051441e-09,1.5186724676337144e-08,2.8379561135816134e-08,6.501442042653181e-08,1.953089911222879e-07,9.346078740851248e-07,0.9999799394690853,1.2112753653513454e-05,2.4789490131431493e-06,1.2270846960931728e-06,6.98334904008359e-07,4.058645600010704e-07,2.59472767993627e-07,1.9521863741143162e-07,1.5815436575471975e-07,1.3364136790474996e-07,1.1654582477274591e-07,1.0275378779752202e-07,8.960296977820876e-08,7.861882557442074e-08,7.013458095624891e-08,6.341205967269406e-08,5.8057019968421984e-08,5.3511298399475294e-08,4.9556002399384265e-08,4.6176618627257505e-08,4.3328321195869615e-08,4.091584523046104e-08,3.884025459708337e-08,3.7021087744800255e-08,3.5327695666325717e-08,3.377928301892361e-08,3.23862760731409e-08,3.1120723617882813e-08,2.998796893360882e-08,2.8960940029802018e-08,2.802230782015261e-08,2.7159523457234503e-08
1.329783171821867e-09,3.7396589670202606e-09,7.786065400223562e-09,1.4559290776357653e-08,2.6943328341393116e-08,6.016335465288157e-08,1.6956033186572556e-07,6.69517955227399e-07,1.2187029676329272e-05,0.9999665592923225,1.2873934542448331e-05,3.2759334343999823e-06,1.3154256212341585e-06,6.076705910417348e-07,3.4420864194037415e-07,2.4662568183116747e-07,1.9433951465599342e-07,1.6118276486510716e-07,1.38731948744255e-07,1.2087659236640002e-07,1.039619701013918e-07,9.00870983837182e-08,7.958180096874091e-08,7.138888261609902e-08,6.494989811883872e-08,5.9534939628783805e-08,5.48596883662803e-08,5.0896711269526525e-08,4.758206008751958e-08,4.479354826577922e-08,4.240799906105952e-08,4.032685172565327e-08,3.839433391237208e-08,3.663273463927522e-08,3.505347643972813e-08,3.362308865283982e-08,3.2347074517723493e-08,3.1193405446964265e-08,3.0141638805456206e-08,2.9177011519564425e-08
1.2867321814314757e-09,3.627683887887318e-09,7.520854029225004e-09,1.3966362582179476e-08,2.5570053273418503e-08,5.554526453716396e-08,1.46216728842098e-07,4.760974746392273e-07,2.4230452233662128e-06,1.3910116394804814e-05,0.9999467411971448,2.9709557911341623e-05,2.9556323815632966e-06,9.202347204883168e-07,4.4961489249163695e-07,3.0649725840331945e-07,2.3520263485456846e-07,1.917177369761767e-07,1.6305198802910395e-07,1.4050807855607509e-07,1.1923539740091438e-07,1.0207865653581494e-07,8.93343767368158e-08,7.95428899933201e-08,7.19439773932116e-08,6.560771806026564e-08,6.017508161288682e-08,5.5603396164999416e-08,5.1806542829481665e-08,4.863219064311378e-08,4.593055409693015e-08,4.3583484385762094e-08,4.140843646899889e-08,3.9431114342992394e-08,3.766401970399707e-08,3.6067853570819406e-08,3.4648272345867085e-08,3.336804086659195e-08,3.220347008870588e-08,3.113749792336296e-08
1.2611652342554188e-09,3.5609225518882103e-09,7.3621228723257556e-09,1.3609674676705025e-08,2.4739650775906518e-08,5.27886434782468e-08,1.331131425973318e-07,3.8878329232047e-07,1.3912050437166516e-06,4.156880724357646e-06,3.31911907844524e-05,0.9999514367535127,5.179402398098173e-06,1.1632242640589603e-06,5.196323610906472e-07,3.4520263786766183e-07,2.6142727649133316e-07,2.1126119481599437e-07,1.7861172326424012e-07,1.5302827665994672e-07,1.2887767656462791e-07,1.0957227675722414e-07,9.5384800232257e-08,8.457478849363414e-08,7.624407806740516e-08,6.932922050270253e-08,6.342238412613806e-08,5.8471379341581884e-08,5.437565425502189e-08,5.096330399374886e-08,4.806741064631319e-08,4.555731836495908e-08,4.323342158856355e-08,4.112376788981661e-08,3.9241640072176716e-08,3.754407551823571e-08,3.6036870188846266e-08,3.4679507825247315e-08,3.344626993372914e-08,3.231866248979626e-08
1.1619546208318054e-09,3.303676042969394e-09,6.756772282345686e-09,1.2267127290926769e-08,2.167916876783904e-08,4.326434927001569e-08,9.444623849404048e-08,2.07163706507183e-07,4.3140399352336227e-07,7.777924636674973e-07,1.6837368558926963e-06,9.727175878002624e-06,0.9999793767084209,3.4135755135473394e-06,9.356965080640069e-07,5.636920811152723e-07,4.0688596178149417e-07,3.184406999859862e-07,2.6333590456010667e-07,2.202181604265457e-07,1.7905908199404543e-07,1.474436821517566e-07,1.2531304237895015e-07,1.090626072586011e-07,9.691885864388995e-08,8.703294289607442e-08,7.871924315412746e-08,7.186859869314489e-08,6.629603843898665e-08,6.172129713404836e-08,5.788545770943191e-08,5.459212508343598e-08,5.155408206379125e-08,4.881191653687506e-08,4.6382877277016987e-08,4.4205350214465616e-08,4.2285643982544747e-08,4.056672463874348e-08,3.9012769991760156e-08,3.7598185232160646e-08
9.394006310013443e-10,2.744612061287258e-09,5.49546314625712e-09,9.608483760834443e-09,1.6044675396566127e-08,2.8425638921594925e-08,5.066784884724721e-08,8.483911666361459e-08,1.3253434577093095e-07,1.971575938759734e-07,3.16926719630199e-07,6.210134293744272e-07,2.004994923166856e-06,0.9997885445573238,0.00015061584297631426,3.337661868483629e-05,1.088946962679371e-05,4.823253401091437e-06,2.8966924577116726e-06,1.6443106573169761e-06,8.349429292175226e-07,5.077236075309103e-07,3.6115087478574744e-07,2.7905091618123703e-07,2.28368028626521e-07,1.9174785974227154e-07,1.6367981884934667e-07,1.4253698914281316e-07,1.266745457498259e-07,1.1449484149477174e-07,1.0480815692748298e-07,9.68249668156115e-08,8.959784566833284e-08,8.324170895409011e-08,7.777728612092031e-08,7.300193984023136e-08,6.890823436037915e-08,6.532496432268275e-08,6.214775294038663e-08,5.93047144371203e-08
9.338224607269857e-10,2.7309284424279607e-09,5.465536321303503e-09,9.547718744367151e-09,1.5922430046202484e-08,2.8137733733111156e-08,4.996648490307988e-08,8.331770459939896e-08,1.296776087003017e-07,1.923819598793536e-07,3.079574996249275e-07,5.978570740256172e-07,1.868990521386408e-06,0.00011969518928180575,0.998846832332792,0.000993020528369025,2.085535619207428e-05,6.7785204152352e-06,3.692656830191123e-06,1.920621587276085e-06,9.10790008473724e-07,5.38150331521071e-07,3.778456988599214e-07,2.897738646933292e-07,2.360360306652432e-07,1.9748006162260225e-07,1.6808207874465568e-07,1.4603902043473846e-07,1.2956445478381513e-07,1.1695290508248815e-07,1.0694605072051675e-07,9.87135969366168e-08,9.12677702279463e-08,8.472688742464307e-08,7.911071725834339e-08,7.420799853647784e-08,7.000980879873451e-08,6.63384075177802e-08,6.308554774674663e-08,6.017678733375364e-08
9.32837506774135e-10,2.7284998499861453e-09,5.460196051284087e-09,9.536808575951816e-09,1.590032617859387e-08,2.808529867463266e-08,4.9837677249599446e-08,8.303507007674325e-08,1.2913775503174617e-07,1.9145543164563685e-07,3.061494088986162e-07,5.928954718811733e-07,1.8365737181362093e-06,7.356526432459915e-05,0.0009797198393135342,0.9989036425469123,2.29527687487097e-05,7.128353467377556e-06,3.832988991719456e-06,1.966874903962645e-06,9.228766702736258e-07,5.429437785969238e-07,3.80480261404501e-07,2.91473066286164e-07,2.3725706982382285e-07,1.9839671213513867e-07,1.6878854904116164e-07,1.466028170519771e-07,1.3003115073760804e-07,1.1735100391785401e-07,1.0729320434426319e-07,9.902102692545934e-08,9.154015928305111e-08,8.496958457440562e-08,7.932898435301391e-08,7.440572133831496e-08,7.019066092903427e-08,6.650501595051291e-08,6.323991158818594e-08,6.03205014845347e-08
9.101077442160476e-10,2.6724002266327843e-09,5.336765839766025e-09,9.284566353018112e-09,1.5389503421154285e-08,2.6879292574507878e-08,4.690124978177974e-08,7.66505858136206e-08,1.170065236778943e-07,1.7059750735796236e-07,2.654879397437481e-07,4.837758477804872e-07,1.221056672565122e-06,5.145305199327199e-06,1.0565998501206784e-05,4.932985175263536e-05,0.9998743089791993,3.8468051061566784e-05,1.1553673768161883e-05,3.5617979135820026e-06,1.239910031648959e-06,6.589579719765347e-07,4.4257999977396564e-07,3.3106443633917973e-07,2.6556266084201954e-07,2.195698214249935e-07,1.850600603745458e-07,1.5956433401394024e-07,1.407497545378008e-07,1.2649135568613026e-07,1.1526445997390284e-07,1.0608136651536505e-07,9.779501467988225e-08,9.054153098181563e-08,8.433941049240888e-08,7.894404253337191e-08,7.434183031793684e-08,7.032943148700037e-08,6.678355780008358e-08,6.361993712957457e-08
8.893436404756452e-10,2.621137869750815e-09,5.224077461349727e-09,9.054643512124886e-09,1.4925503605468565e-08,2.5797068835607854e-08,4.431949075830207e-08,7.11603461678647e-08,1.0675704062093776e-07,1.5314313398136858e-07,2.322060364306147e-07,4.0061199997332756e-07,8.697644893430793e-07,2.2815256788583e-06,3.815527995549581e-06,8.85473762121984e-06,4.314069675581263e-05,0.9997077050956433,0.00022018964546384847,6.755938993572626e-06,1.5914062623981e-06,7.715155381435799e-07,5.006977356749521e-07,3.67623376506722e-07,2.915923712159711e-07,2.389793121593989e-07,1.9992781942742592e-07,1.7138366119439034e-07,1.5051818679556086e-07,1.3482489123808764e-07,1.2253842551619034e-07,1.1253018279151326e-07,1.0350924197229601e-07,9.563147070181296e-08,8.891629084859201e-08,8.308958529350081e-08,7.813433198894503e-08,7.382417930030738e-08,7.002251629226739e-08,6.663639026931978e-08
8.830978741006654e-10,2.6057131975980175e-09,5.190183755383423e-09,8.985554047245258e-09,1.4786385417623612e-08,2.5475077922064555e-08,4.3561213389451304e-08,6.957067801679957e-08,1.0382462473068359e-07,1.481892717822439e-07,2.2291885851724562e-07,3.7848782906865695e-07,7.899309775161897e-07,1.8943803029811686e-06,3.0447677280170197e-06,6.3554086099644905e-06,2.1286335076034755e-05,0.00022552435685013728,0.9997265036475175,8.05655572894847e-06,1.6929761439413588e-06,8.030403288410771e-07,5.170745606287746e-07,3.780137537881931e-07,2.990529809724418e-07,2.4457482179344556e-07,2.0423066110722742e-07,1.748152479362358e-07,1.5336309175755083e-07,1.3725915403916085e-07,1.2466907079366472e-07,1.1442377289354298e-07,1.0519000365062161e-07,9.713059864612583e-08,9.026590137278651e-08,8.431324738459253e-08,7.925491122380818e-08,7.48577558682886e-08,7.098126738102416e-08,6.752998278421758e-08
8.063422066814631e-10,2.417948857608248e-09,4.782674875296196e-09,8.167258594387738e-09,1.3171487120809468e-08,2.187326124213957e-08,3.5511355801188364e-08,5.361453029326372e-08,7.587626290270974e-08,1.0310808632694844e-07,1.4418731361523512e-07,2.1443938801014469e-07,3.4368860405372e-07,5.452871256831868e-07,7.495257884224708e-07,1.1289707299509835e-06,1.9365058907279714e-06,3.948469512104597e-06,2.319375158499801e-05,0.9999583113318882,3.7802648620172717e-06,1.331947922209953e-06,7.803043860079075e-07,5.41653364595922e-07,4.1541022663592974e-07,3.3085432308099105e-07,2.6973230909356525e-07,2.265086684376803e-07,1.9590973470178924e-07,1.7348878482741112e-07,1.562696784196499e-07,1.424277448207406e-07,1.2994273890427812e-07,1.1911105174456345e-07,1.0997583836682664e-07,1.021181869374348e-07,9.551061077870386e-08,8.981162621447403e-08,8.481927339320058e-08,8.039898658835243e-08
6.245902204952888e-10,1.9887088813200945e-09,3.890540607209194e-09,6.463067508274543e-09,1.001344308000521e-08,1.5530299865533077e-08,2.3124565338047793e-08,3.213161871674898e-08,4.237788634565181e-08,5.424390197740212e-08,7.013368004944145e-08,9.271313358332312e-08,1.250799345454513e-07,1.6664522051307795e-07,2.1371814349830194e-07,2.8629261892747093e-07,4.07810386679411e-07,6.434945794753289e-07,1.3052600529619103e-06,5.262500901592517e-06,0.9999300792520335,4.227822246800655e-05,7.3151293054919054e-06,3.258557119158584e-06,2.0300157795525478e-06,1.3275826988395426e-06,9.06509737757647e-07,6.701556385490522e-07,5.318495334596962e-07,4.436321813926838e-07,3.8206290971749904e-07,3.3560272442250617e-07,2.936212758456971e-07,2.5857576227834986e-07,2.306219082434665e-07,2.076423857180315e-07,1.893239329565298e-07,1.7414046821862466e-07,1.612582446176869e-07,1.5016355152202903e-07
5.980797957298576e-10,1.9278535294150228e-09,3.768326574810064e-09,6.238532936514484e-09,9.61681352063395e-09,1.4792542092053681e-08,2.1813023764887393e-08,3.004795842307685e-08,3.935422555708286e-08,5.008478987974873e-08,6.430146785947427e-08,8.41961624772899e-08,1.122040543238014e-07,1.477993576162691e-07,1.883504849243483e-07,2.4986793899978643e-07,3.5065693042954626e-07,5.394339957616673e-07,1.0301320643582847e-06,3.258591126273708e-06,4.0597292854419633e-05,0.999903028769874,3.05844682654629e-05,7.3012294897035034e-06,3.795681032399043e-06,2.136665280127795e-06,1.3065946091664165e-06,9.068886972313741e-07,6.940505046408503e-07,5.658387685702207e-07,4.794896756400878e-07,4.1578516594971386e-07,3.58383449739131e-07,3.1124837879302727e-07,2.744043111558482e-07,2.4460048906434976e-07,2.2124314386409336e-07,2.021251780118127e-07,1.8606796377875335e-07,1.7235733617878183e-07
5.655014588802713e-10,1.853514819375273e-09,3.620122963952462e-09,5.968454584837222e-09,9.144372793183769e-09,1.3927460594636423e-08,2.0302200202255453e-08,2.7682339628792683e-08,3.595546860228014e-08,4.543944148836455e-08,5.783994439481855e-08,7.487463407252808e-08,9.833965067165706e-08,1.2774585836579554e-07,1.6130125744235163e-07,2.1102470964558845e-07,2.89897039484505e-07,4.301411336707601e-07,7.560763388086074e-07,1.828701786053816e-06,5.92702691892609e-06,2.5938507914662448e-05,0.9998622636989588,7.156274426361992e-05,1.5696567109890525e-05,5.096449721828681e-06,2.3328167222199455e-06,1.4228098566438926e-06,1.0217780700288999e-06,8.030923569436255e-07,6.638998758251823e-07,5.645621068356357e-07,4.751473151464464e-07,4.036157759062967e-07,3.494632889618251e-07,3.067386228400032e-07,2.741118357010494e-07,2.4790277364811445e-07,2.262151045804684e-07,2.0792809642739076e-07
5.497153763048173e-10,1.8176605871102152e-09,3.5490517286734926e-09,5.839762622348777e-09,8.920976627987393e-09,1.3523419561910273e-08,1.9606271268700765e-08,2.660484432937973e-08,3.4419244845510456e-08,4.335014467568376e-08,5.4952135225800383e-08,7.074809955060888e-08,9.228006174180002e-08,1.1906782171086539e-07,1.496022902651294e-07,1.9428572300046425e-07,2.639456952231223e-07,3.8447503099036647e-07,6.494058836324386e-07,1.4118177003636704e-06,3.535507262504452e-06,9.518022058567752e-06,6.56063588087166e-05,0.9997439731191365,0.0001524899784247126,9.66702952110043e-06,3.300223543903936e-06,1.8294472343972324e-06,1.2622402491948783e-06,9.715725221771728e-07,7.924125532764626e-07,6.667052817439663e-07,5.53268739284241e-07,4.638666427211954e-07,3.9744137301687485e-07,3.457782158585386e-07,3.069010636596759e-07,2.759928846049011e-07,2.50624473909588e-07,2.2937907036808737e-07
5.405054664089828e-10,1.7967735259761158e-09,3.507732349048804e-09,5.765117850136527e-09,8.791778528124896e-09,1.3290955174261943e-08,1.9208190381383887e-08,2.5991191314860697e-08,3.354651614972997e-08,4.216442668484858e-08,5.331572130328791e-08,6.841635497614833e-08,8.887025468031337e-08,1.1419713810381168e-07,1.4302272344133847e-07,1.8486551688106228e-07,2.493689185606285e-07,3.5904235691983833e-07,5.919243495815304e-07,1.2120667763512703e-06,2.6903953468514036e-06,6.004427750144005e-06,1.9678585441426044e-05,0.0001543956264117699,0.9997864957113288,1.4254204077778491e-05,3.992157045828364e-06,2.1006100049233656e-06,1.420526708912031e-06,1.0826222931250639e-06,8.774178548238774e-07,7.343946203619346e-07,6.046040636217786e-07,5.030733719686551e-07,4.284274340857293e-07,3.708279542079879e-07,3.278468367146635e-07,2.9387315101354614e-07,2.6611378640649557e-07,2.4295344826646164e-07
4.765041980028048e-10,1.6529673550264905e-09,3.226333376923667e-09,5.262753883832521e-09,7.934155649625712e-09,1.1778816451476682e-08,1.6675421958180026e-08,2.2158674380393135e-08,2.8173089658372246e-08,3.494662520981601e-08,4.3491864719550697e-08,5.467758188521561e-08,6.925005326583446e-08,8.67875296545974e-08,1.0654042281472879e-07,1.3381553701677385e-07,1.7311841761399836e-07,2.336061411721831e-07,3.4085281532648703e-07,5.462051775036997e-07,8.589386262311717e-07,1.30923706950851e-06,2.143424551097865e-06,3.991752591865433e-06,1.4201457979430265e-05,0.999900340818035,4.8222510227813965e-05,8.806712782007654e-06,4.640245519353376e-06,3.1972576306103433e-06,2.4384943585516447e-06,1.9295823510637568e-06,1.4241415806597037e-06,1.072599202589163e-06,8.486259829715935e-07,6.92473417047108e-07,5.86690918481865e-07,5.082075831419332e-07,4.4706659066369707e-07,3.98005071142074e-07
4.430439264210634e-10,1.5787469207716095e-09,3.0832580982989525e-09,5.011429573083747e-09,7.513006618470948e-09,1.105595600673066e-08,1.5499325819183083e-08,2.0421860433905214e-08,2.578356440575739e-08,3.178595007086129e-08,3.9268998179827806e-08,4.891437084861574e-08,6.126682094702835e-08,7.595275155821594e-08,9.241363764522018e-08,1.1465112939366494e-07,1.4579072256296635e-07,1.9184659940343116e-07,2.6834274294429925e-07,4.0119658296226766e-07,5.87006679106094e-07,8.391960140525666e-07,1.2636356061356553e-06,2.082761771654289e-06,4.692529665938684e-06,2.129698303073625e-05,0.9997547245228513,0.0001406666095140386,2.7713382386026682e-05,1.562830910010701e-05,1.0331233949347926e-05,6.926885857814138e-06,3.7030765783049002e-06,2.246893810107947e-06,1.5665659719360562e-06,1.172900103582372e-06,9.41099262034279e-07,7.832025192752175e-07,6.67287578123528e-07,5.784716780137632e-07
4.3137788443503223e-10,1.5530009411907744e-09,3.033922885515632e-09,4.925325990027062e-09,7.369785897400704e-09,1.081278134154115e-08,1.5108199836044567e-08,1.984955909550325e-08,2.500148116595256e-08,3.0756778388669635e-08,3.790245121117985e-08,4.70646245802748e-08,5.8730502165674183e-08,7.254188687565222e-08,8.799191070502642e-08,1.087075092682093e-07,1.3743493264216062e-07,1.7936288186890838e-07,2.475531138710857e-07,3.62472465233783e-07,5.191165774779328e-07,7.276275107553807e-07,1.0673284509446662e-06,1.6906595559827057e-06,3.4150287516229916e-06,1.0423163011925967e-05,6.245260996922149e-05,0.9981552179167323,0.0013821860841887275,0.00026296641947094415,7.532656290174361e-05,2.5069137234392033e-05,6.929279068238595e-06,3.344505005390396e-06,2.1121118839177632e-06,1.4934988680792644e-06,1.1602868563331252e-06,9.444406716564064e-07,7.912222957840518e-07,6.767054124258609e-07
4.305216631589173e-10,1.551112473627734e-09,3.0303071417239847e-09,4.919021640293681e-09,7.359311964589608e-09,1.0795033964660483e-08,1.5079716233156587e-08,1.9807942051523448e-08,2.4944649815563595e-08,3.0682006854886165e-08,3.7803203472103474e-08,4.693037912348644e-08,5.854661989462652e-08,7.229473538433913e-08,8.767132077591225e-08,1.0827657013842661e-07,1.3682963215367057e-07,1.7846082316010889e-07,2.4606077891407834e-07,3.597271452246564e-07,5.143499041427827e-07,7.198284693522757e-07,1.0536687190514023e-06,1.6635841169346011e-06,3.3320937297436825e-06,9.904854251054607e-06,5.290240048851088e-05,0.0013884750697262251,0.9966544704599383,0.0017211026723666955,0.00011638006518396502,2.9913308781524885e-05,7.3311553557665285e-06,3.4528643689802894e-06,2.1612778510748834e-06,1.520995547537055e-06,1.1786234473492008e-06,9.577236690050298e-07,8.013137489318122e-07,6.846343510254021e-07
4.295884403879229e-10,1.5490499506756228e-09,3.026350388107281e-09,4.91210892660984e-09,7.347803590634502e-09,1.0775494367131776e-08,1.5048288702862695e-08,1.9761912815127668e-08,2.4881620643048523e-08,3.059882426445248e-08,3.769241752533451e-08,4.6779975632408306e-08,5.833977277432538e-08,7.201543051071063e-08,8.730707932353886e-08,1.077840438435007e-07,1.3613322268224057e-07,1.7741512000563816e-07,2.44315844383492e-07,3.5648436748780843e-07,5.086444200368666e-07,7.103213513738037e-07,1.036618945928687e-06,1.6287365804581113e-06,3.221355448285446e-06,9.191828100959896e-06,4.0702584841433025e-05,0.0002475383971869925,0.0018316406629794533,0.9976401082470745,0.00016898298415459406,3.461183551454233e-05,7.678072402170795e-06,3.548087076132062e-06,2.205510004434983e-06,1.5462180495013743e-06,1.1957271965529467e-06,9.702837114658255e-07,8.109649054403195e-07,6.922883969065022e-07
4.2435722304556956e-10,1.5374886639994345e-09,3.0041743275513705e-09,4.873373605423963e-09,7.283337129090467e-09,1.066612136605977e-08,1.4872514071361142e-08,1.9504595113139165e-08,2.452931032896309e-08,3.0133798714053995e-08,3.707304128149668e-08,4.593921684202236e-08,5.7183808796211185e-08,7.045469636095389e-08,8.527083940066037e-08,1.0503039114601649e-07,1.3224165259358535e-07,1.7158053017651314e-07,2.3461907173155386e-07,3.3859802302250953e-07,4.773882786761903e-07,6.585452655502559e-07,9.446044574914341e-07,1.4437944217278277e-06,2.6666403997868992e-06,6.248270612790209e-06,1.570274303539566e-05,3.455323151124253e-05,6.953493207111223e-05,0.00031082087740810007,0.999440688586966,9.296771068873344e-05,9.714031231572078e-06,4.082876135003137e-06,2.4525290655206115e-06,1.6869233458294492e-06,1.2913355566571373e-06,1.0406286946217484e-06,8.651443010240888e-07,7.35315048935689e-07
4.126494896702351e-10,1.5116382439482582e-09,2.9546537877468668e-09,4.787006092884168e-09,7.139864441172358e-09,1.0423456747881047e-08,1.4483808976388202e-08,1.8936951443099985e-08,2.37533137112373e-08,2.9110538499809505e-08,3.5711980847824065e-08,4.4095464025960105e-08,5.4655794885394875e-08,6.70497943520829e-08,8.083452333518475e-08,9.904738498655501e-08,1.2382632128834827e-07,1.5906565613192925e-07,2.1413564220888153e-07,3.0177781483561235e-07,4.147290724534039e-07,5.57345567929914e-07,7.71272486546778e-07,1.116264409610578e-06,1.8301628749962823e-06,3.32612064557259e-06,5.721654893628095e-06,8.753035279228714e-06,1.3738972215234589e-05,2.740603562512999e-05,0.00015934601589422424,0.9997457741489139,1.499766768988573e-05,5.340033511592692e-06,3.0241956176297536e-06,2.0108016997593907e-06,1.5128779933611328e-06,1.2048051172616046e-06,9.920667969052635e-07,8.36398964856098e-07
3.5458010437830494e-10,1.3847107935133347e-09,2.7142693087531464e-09,4.372847090521203e-09,6.461235640582992e-09,9.29685335092289e-09,1.271393874894611e-08,1.6394244782903897e-08,2.0323210786275883e-08,2.463979541214813e-08,2.984577800419199e-08,3.628199367839172e-08,4.415560439567764e-08,5.318574530961825e-08,6.307914442403662e-08,7.565292678230162e-08,9.194174409760779e-08,1.1367216813039781e-07,1.4461199468529931e-07,1.8822435755922275e-07,2.390888767002702e-07,2.9813921037727624e-07,3.761792828952564e-07,4.825404413742279e-07,6.443153409860834e-07,8.711364135351258e-07,1.148126232219415e-06,1.4980705443320263e-06,2.0360038520084352e-06,3.076092129590271e-06,5.8670360767048745e-06,2.498284375342626e-05,0.9997868960271447,0.00012792475486448338,2.0089121544368934e-05,8.566441923779887e-06,5.330110851196618e-06,3.7390577828756e-06,2.781491905495401e-06,2.155991377611961e-06
3.415314256260404e-10,1.356482753363576e-09,2.661424584558793e-09,4.282925106965244e-09,6.315933318608791e-09,9.060116576789887e-09,1.2349150972158135e-08,1.5878612217782158e-08,1.9636716860711296e-08,2.3755247645676135e-08,2.8700521898840053e-08,3.478140143769075e-08,4.2177655195947065e-08,5.06234166930667e-08,5.985110425731372e-08,7.149256484259732e-08,8.643718209970616e-08,1.0614721627322008e-07,1.3376578345481025e-07,1.7195669890058975e-07,2.159133040068965e-07,2.66425454332762e-07,3.3213032496944573e-07,4.200151179479827e-07,5.496844177269537e-07,7.264653806560885e-07,9.405825514749135e-07,1.2114181822806034e-06,1.620211896912939e-06,2.3730011330016248e-06,4.187875527904692e-06,1.247293183460782e-05,0.00011527848284943698,0.9997412421063817,7.673228330654135e-05,1.7388897896575847e-05,9.562385901738534e-06,6.133232995612003e-06,4.262942563479783e-06,3.129512522133549e-06
3.187602060372956e-10,1.3074442854393764e-09,2.570074876447469e-09,4.128325097734456e-09,6.0676589992501804e-09,8.658924030046203e-09,1.1735895218293885e-08,1.501747770880722e-08,1.849596608352828e-08,2.2291394956721815e-08,2.6814189308191345e-08,3.232434893478921e-08,3.8961407519687464e-08,4.648418412123921e-08,5.466404493124865e-08,6.485672017151906e-08,7.77456765046511e-08,9.442809210483068e-08,1.1720948263146293e-07,1.477718440925173e-07,1.8224158584471353e-07,2.2122357030378966e-07,2.706735871742338e-07,3.3489732327601515e-07,4.254483775383202e-07,5.439361893652912e-07,6.850901770742738e-07,8.618666401819298e-07,1.1182665880943473e-06,1.5510981824607212e-06,2.4278449676114943e-06,4.894741373866553e-06,1.1477326533038156e-05,3.612995034326961e-05,0.9993520388630501,0.0004296360663816002,9.843399313766862e-05,3.346046014192172e-05,1.5565566245653154e-05,8.82527835084805e-06
3.146207547076752e-10,1.2985596891824353e-09,2.5535844681368444e-09,4.100528846067944e-09,6.023226258366757e-09,8.587559133081877e-09,1.1627429204092117e-08,1.4865895966560683e-08,1.829587412508557e-08,2.203534489943043e-08,2.6485317399139253e-08,3.189778471612494e-08,3.840586767602455e-08,4.5772559878473147e-08,5.377571035884665e-08,6.372667394222852e-08,7.627722086006331e-08,9.246918526832854e-08,1.1448366324893329e-07,1.4386684472784336e-07,1.7689605382560095e-07,2.1414977652395944e-07,2.6120754907871355e-07,3.220222651022426e-07,4.071325144527391e-07,5.177659117402568e-07,6.491531775875932e-07,8.132586525066623e-07,1.0494994323801333e-06,1.442460883734815e-06,2.2169581094529916e-06,4.2659168328441236e-06,9.25189541033905e-06,2.4347380204054684e-05,0.00026064879518921015,0.9959088855630976,0.0036584054501156748,8.787186901525061e-05,2.521170834752255e-05,1.2122335807393672e-05
3.1447989669491456e-10,1.2982572532632387e-09,2.5530229854235035e-09,4.099582213415994e-09,6.021712824397132e-09,8.585128532754387e-09,1.162373487848176e-08,1.4860732039553653e-08,1.828905445665399e-08,2.2026612304820497e-08,2.6474094034158178e-08,3.188321983391089e-08,3.8386890431448775e-08,4.574823483028009e-08,5.3745318702126645e-08,6.368798872624978e-08,7.622693497371117e-08,9.240210292014503e-08,1.1439035696598603e-07,1.437332664433617e-07,1.7671319909653215e-07,2.1390761624184437e-07,2.6088315036237465e-07,3.2158042016858035e-07,4.0650324144565024e-07,5.168651213368419e-07,6.479107920605689e-07,8.115661887734373e-07,1.047084077913975e-06,1.4386106943977702e-06,2.2094313604656003e-06,4.243583184337276e-06,9.172315255087355e-06,2.3953153536460133e-05,0.00023803003177983557,0.0035624577981155725,0.9960242689723655,9.104432727440811e-05,2.5614134267703386e-05,1.224584193154694e-05
3.026573497775571e-10,1.2728880971651972e-09,2.5059677708012464e-09,4.020326492387018e-09,5.895147597190008e-09,8.382235960130317e-09,1.1315881213364756e-08,1.4430934025678718e-08,1.7721827954115e-08,2.1300467227653358e-08,2.5541324693397616e-08,3.0674109263970213e-08,3.681397584299848e-08,4.3734487953124935e-08,5.123154619044827e-08,6.049446848591991e-08,7.208915589974688e-08,8.6906918078458e-08,1.0679336975939844e-07,1.3293703477077482e-07,1.6202312516063323e-07,1.9454852282594375e-07,2.3508473079909582e-07,2.866429857727196e-07,3.5714609379351334e-07,4.4680880941691e-07,5.518333643928092e-07,6.810963462067768e-07,8.61844464703332e-07,1.147374345693281e-06,1.6606756249380192e-06,2.780740547699905e-06,4.806525208737709e-06,8.454329131957136e-06,1.685347951470878e-05,3.191308442640024e-05,0.00013888639226833545,0.9995984233036035,0.00015983026553314833,3.0487085011287372e-05
2.9003210517241267e-10,1.245863136805681e-09,2.4559917445261113e-09,3.936409227518479e-09,5.761592403567517e-09,8.169149064961086e-09,1.099427182440254e-08,1.3983646898233954e-08,1.7133394646656158e-08,2.054940162043719e-08,2.45803248949078e-08,2.9435245728560918e-08,3.5212793823414164e-08,4.169716220279951e-08,4.870385148468167e-08,5.730807139130966e-08,6.80018482867626e-08,8.15416964744359e-08,9.948067992064873e-08,1.2272477846157191e-07,1.483266372101777e-07,1.767437287980211e-07,2.1170706572262766e-07,2.5549866241523826e-07,3.140447884078318e-07,3.869449884255886e-07,4.7139979414870796e-07,5.738445297335096e-07,7.127918920368873e-07,9.213571461074504e-07,1.2666839092963964e-06,1.919861865374232e-06,2.9201363140035245e-06,4.426967968901948e-06,7.094562594560905e-06,1.1196274343599256e-05,2.272994305975716e-05,8.339712823422818e-05,0.9991859175294222,0.0006731576292133204
2.864146173344077e-10,1.238113048292527e-09,2.4416547957345998e-09,3.912334596221903e-09,5.72327678534505e-09,8.108067601867376e-09,1.0902228340366345e-08,1.3855668169093439e-08,1.696499457279015e-08,2.033442008065699e-08,2.4305414712054387e-08,2.908119831126688e-08,3.4755714714633464e-08,4.111619204214136e-08,4.7983352021574995e-08,5.6400268494774856e-08,6.6835756216112e-08,8.000747890882134e-08,9.738378713177335e-08,1.1977918724099193e-07,1.4436795904625752e-07,1.7156211752971073e-07,2.0485407565605526e-07,2.4631222982115786e-07,3.013683768892093e-07,3.6950428659210007e-07,4.4771744634529726e-07,5.419247962806412e-07,6.690658055703559e-07,8.587018082805254e-07,1.1689018396480532e-06,1.738128316326979e-06,2.5787016593458513e-06,3.7918937054954783e-06,5.806459943919158e-06,8.782787019163144e-06,1.623828345997704e-05,4.386978094679962e-05,0.00028208192054607876,0.49386787543216065
