0.9999999957684413,1.0291886846482986e-09,4.012472246554507e-10,2.527162943281691e-10,1.8900287031565658e-10,1.5519223257219307e-10,1.3347228503455852e-10,1.1843642464619596e-10,1.076981917363822e-10,9.90498941046471e-11,9.197598585306721e-11,8.621157789623652e-11,8.14636172007074e-11,7.751395341686731e-11,7.416148580480401e-11,7.124564453807749e-11,6.865413789189564e-11,6.635456719708634e-11,6.425713435125812e-11,6.230808489203308e-11,6.047262074145235e-11,5.881019644535734e-11,5.729551350256543e-11,5.5914954832068534e-11,5.4641327967366415e-11,5.345466215671646e-11,5.2338280752528906e-11,5.130041014942974e-11,5.033393328177079e-11,4.943331931454977e-11,4.858851341059381e-11,4.779374728645141e-11,4.7047137622562544e-11,4.634319280919724e-11,4.5678650588070014e-11,4.504513384054138e-11,4.443941856362725e-11,4.386300041221252e-11,4.3314029055948244e-11,4.278976155945577e-11
1.5563688330703183e-09,0.9999999865293154,3.57721340795973e-09,1.1971827177227522e-09,7.095888487244488e-10,5.229217268142303e-10,4.198310370270687e-10,3.558162390478316e-10,3.141263698876881e-10,2.8163320440887993e-10,2.559881864718015e-10,2.359563629773678e-10,2.2008582567423833e-10,2.073429774797928e-10,1.9682524861467063e-10,1.8785560627558057e-10,1.799886708985181e-10,1.7311866424741466e-10,1.668993446790567e-10,1.611345868027702e-10,1.5571041840882344e-10,1.508704363802132e-10,1.4651929761935684e-10,1.4260694773906133e-10,1.3903411115492202e-10,1.357299967846904e-10,1.326376958473347e-10,1.2978923609607907e-10,1.2716057358873695e-10,1.2473299623795703e-10,1.224724081583389e-10,1.2035996779163899e-10,1.1839008876434328e-10,1.1654483426760407e-10,1.1481390818462459e-10,1.1317008139174493e-10,1.1160354781891861e-10,1.1011994257136411e-10,1.0871375010537364e-10,1.0737647796165216e-10
4.615987319101628e-10,5.032597375584796e-09,0.9999999708966553,7.997997979430109e-09,2.4887979296458207e-09,1.5007670539552709e-09,1.069880625865865e-09,8.416237894228361e-10,7.10447616582073e-10,6.115068395643216e-10,5.368853777353092e-10,4.816495824404553e-10,4.399077574380616e-10,4.077441077327077e-10,3.820115573705516e-10,3.6052282061459014e-10,3.4193361876189635e-10,3.2597019569906026e-10,3.1163294171504485e-10,2.983900323010909e-10,2.859644271945197e-10,2.750587748358846e-10,2.6539709614232254e-10,2.568344763648523e-10,2.4909997754629585e-10,2.42006179149605e-10,2.354075775341511e-10,2.293880343870458e-10,2.2388474586035836e-10,2.1884890494705272e-10,2.1419450621630242e-10,2.0987492863195407e-10,2.0587642158161575e-10,2.021551583308941e-10,1.9868635645035727e-10,1.9540505309161721e-10,1.9228879820604682e-10,1.8935160931221755e-10,1.8658081546367361e-10,1.8395679136890207e-10
2.546176651107473e-10,1.2398113891414945e-09,1.0079420800641171e-08,0.9999999403191915,1.8557873135026196e-08,6.255871485238936e-09,3.3009926667471274e-09,2.212506761326083e-09,1.7201719433575545e-09,1.3737317377456302e-09,1.134096397407773e-09,9.72234538312298e-10,8.585852103933393e-10,7.760655315568098e-10,7.128190481867625e-10,6.614927419005535e-10,6.179403082123347e-10,5.813955013556259e-10,5.489700196546757e-10,5.192116257717767e-10,4.914805619420549e-10,4.676805398549764e-10,4.4700354341298713e-10,4.290184159203307e-10,4.130042925779919e-10,3.9847706691668156e-10,3.8507868710988624e-10,3.7300568850473654e-10,3.620970167842435e-10,3.5222653801300487e-10,3.4318746451772817e-10,3.3486895917294344e-10,3.2723633679498907e-10,3.2018779915551925e-10,3.136660155158544e-10,3.07526532563219e-10,3.017208134926056e-10,2.9627952081968885e-10,2.911749351675024e-10,2.8636433364477764e-10
1.8295050546525466e-10,7.102069019046235e-10,2.735546798059018e-09,1.9408260559530004e-08,0.9999997429978634,1.800060093264261e-07,1.5600537615478882e-08,6.932129488064651e-09,4.5526901662858206e-09,3.145312665828012e-09,2.3316640763487828e-09,1.8606539246965903e-09,1.5646674890258624e-09,1.3666470064831981e-09,1.223202034867864e-09,1.1110546737449013e-09,1.0183135348004343e-09,9.42731611633732e-10,8.767639251893029e-10,8.168836595133121e-10,7.617589105379516e-10,7.156835373680855e-10,6.765447161722195e-10,6.432020801809716e-10,6.139857791493448e-10,5.878119513591172e-10,5.639129092641157e-10,5.426605750301126e-10,5.236934906932719e-10,5.067298340776095e-10,4.913430340222451e-10,4.773050807692772e-10,4.64538324036605e-10,4.52839908803043e-10,4.4209517008811453e-10,4.320305266749104e-10,4.225552786517408e-10,4.137244571612558e-10,4.0548519142249024e-10,3.977577847553773e-10
1.7262955239838968e-10,6.48287523916317e-10,2.2978572980575427e-09,1.2042567402967989e-08,1.9969288048312547e-07,0.9999997162189492,2.4173256052076158e-08,9.131948825948852e-09,5.708747692428035e-09,3.7755572620071905e-09,2.7149922244375133e-09,2.126283227169463e-09,1.766603274082838e-09,1.5306666838963095e-09,1.3619574248956662e-09,1.2311299017158359e-09,1.123526794950157e-09,1.0363828377561046e-09,9.60579294920157e-10,8.919330853827998e-10,8.289128284970886e-10,7.765484756476027e-10,7.322874960634394e-10,6.947517291954303e-10,6.619745718014018e-10,6.326894960200838e-10,6.060068882026879e-10,5.823459738870848e-10,5.612843142393392e-10,5.424933001045527e-10,5.25482984539002e-10,5.099917113631492e-10,4.959290806246372e-10,4.830638455761034e-10,4.712652532308111e-10,4.6022452361281184e-10,4.4983961393424267e-10,4.401720224992872e-10,4.3116200824795453e-10,4.2271995010306526e-10
1.2631211919641273e-10,4.1162864773177567e-10,1.082768395645403e-09,2.722319659073995e-09,7.127467111208516e-09,3.226213886201567e-08,0.9999994261511168,3.843323677532023e-07,7.676263721263565e-08,1.800999968920283e-08,8.433462614955155e-09,5.405752302957927e-09,4.014986234534977e-09,3.2484157750579826e-09,2.7556313987613867e-09,2.397538058510786e-09,2.115380227193782e-09,1.8981546942134592e-09,1.7140392650603322e-09,1.5500581914351943e-09,1.4029268595269622e-09,1.2860970068247446e-09,1.1909471582332397e-09,1.1128845312642778e-09,1.0463979504856307e-09,9.881153893772774e-10,9.358172035417654e-10,8.903520666966191e-10,8.506139797134413e-10,8.157525952932566e-10,7.846223695695409e-10,7.566162687724112e-10,7.315061383183225e-10,7.087788670259783e-10,6.881442794087178e-10,6.689616828534213e-10,6.510237542721737e-10,6.344496072834386e-10,6.19114939730689e-10,6.048379581774852e-10
1.2153592924355764e-10,3.9070932926498654e-10,1.002068844817682e-09,2.413233773811697e-09,5.915182932944357e-09,2.2208075917321505e-08,4.2244231089126186e-07,0.9999991159287556,3.466413039160663e-07,2.580677020341216e-08,1.036381140787038e-08,6.311431733416346e-09,4.5750411412907124e-09,3.65187808393921e-09,3.070271230020256e-09,2.6525719667349258e-09,2.326018504758826e-09,2.0768933946072503e-09,1.866732031705865e-09,1.6801674710561404e-09,1.5135219517626716e-09,1.3822471075665343e-09,1.2760160859629118e-09,1.189346805361359e-09,1.115836280890618e-09,1.0515999830096819e-09,9.941057781703075e-10,9.442843287338812e-10,9.008660634446626e-10,8.628775861692722e-10,8.290275234598082e-10,7.986325340582289e-10,7.714328741787879e-10,7.468549589308409e-10,7.245744426893778e-10,7.038824070207404e-10,6.845501353882995e-10,6.667079600898776e-10,6.50218286866357e-10,6.348806299507347e-10
1.1572475284709181e-10,3.6566809052475564e-10,9.080587865310824e-10,2.0727824227576266e-09,4.661679179326925e-09,1.3894440449635287e-08,6.557110735925647e-08,4.140110106051283e-07,0.9999993959617417,3.756770541390114e-08,1.2846631369114445e-08,7.445946826043498e-09,5.2754257704881935e-09,4.158729490086863e-09,3.4674097556154683e-09,2.975414841692037e-09,2.592816758500543e-09,2.3034592328859185e-09,2.0601235795964045e-09,1.8444869708369784e-09,1.6526363191046576e-09,1.502862524967703e-09,1.382521736194467e-09,1.284950990551455e-09,1.2025671131823957e-09,1.1308142219796392e-09,1.0667591190358484e-09,1.0114502358995876e-09,9.63407709000742e-10,9.214992587935287e-10,8.842445341698711e-10,8.508625207444095e-10,8.210541123966547e-10,7.941681203695721e-10,7.69836950979e-10,7.472637152660955e-10,7.261929120545135e-10,7.067704444274188e-10,6.888421396952599e-10,6.7218374476251e-10
8.431878623465273e-11,2.463281808491054e-10,5.296729973847831e-10,9.94843283337357e-10,1.7365352765218643e-09,3.17164869543788e-09,5.900500865743394e-09,1.2222698894750753e-08,6.206255369447777e-08,0.9999995526740363,1.9576533153376365e-07,4.6716099735693545e-08,2.3540223287319306e-08,1.5606973678976237e-08,1.1634720534205228e-08,9.10284375632296e-09,7.278885564125792e-09,6.056517347248783e-09,5.076445590605662e-09,4.243760854099046e-09,3.552645330186066e-09,3.0703508562693695e-09,2.714012669920771e-09,2.4444213061559316e-09,2.227761396558987e-09,2.0458506080844436e-09,1.88814693190846e-09,1.7569178715920327e-09,1.6466343335819526e-09,1.5532429694247872e-09,1.4721415350777361e-09,1.40095137469616e-09,1.3386818016390515e-09,1.2834910036125467e-09,1.2343469721478918e-09,1.1892137143179e-09,1.1474623530995653e-09,1.1094291062250078e-09,1.0747212132675297e-09,1.0427868533350563e-09
7.600478317128381e-11,2.1873639627447554e-10,4.5615774598670704e-10,8.266407344276291e-10,1.3891202027677922e-09,2.3948546408842257e-09,4.1533898808576595e-09,7.770532333898275e-09,2.3725668295020517e-08,1.779434563279783e-07,0.9999992344041906,2.902894758279021e-07,7.80947275680615e-08,4.34165308459233e-08,2.8417289931908072e-08,1.9710394252556008e-08,1.4153357601012205e-08,1.0936236805805286e-08,8.5626854077152e-09,6.700852107711773e-09,5.282768885388472e-09,4.384546618541657e-09,3.763688710509457e-09,3.3169068401793446e-09,2.970045830357029e-09,2.6862110309416295e-09,2.445156533131344e-09,2.249130961179054e-09,2.0876075822106976e-09,1.953161719711014e-09,1.837980974687031e-09,1.7380583671787563e-09,1.6516491778752324e-09,1.5757969179405655e-09,1.5088459302713912e-09,1.4477149476564888e-09,1.3914586516448553e-09,1.3405406410984224e-09,1.2943577748744185e-09,1.252089478859655e-09
7.030217341462716e-11,2.0056006769762277e-10,4.098683512866856e-10,7.253414911162841e-10,1.188308377437695e-09,1.9738283217224013e-09,3.2684286283735296e-09,5.70626250145845e-09,1.3679311563604215e-08,4.551548066004808e-08,2.208414014041964e-07,0.9999978817182819,1.2668797884380948e-06,2.5537704667168837e-07,1.1009647576201676e-07,5.587351248430159e-08,3.1522885056446306e-08,2.106280753340753e-08,1.4728586424512041e-08,1.0457915624343482e-08,7.61526185696591e-09,6.021920983550658e-09,5.003417674972992e-09,4.3096848980628405e-09,3.790478967041264e-09,3.376724468671025e-09,3.0325680631725897e-09,2.7589122304472894e-09,2.5375989108081942e-09,2.3563075708202003e-09,2.2029029352277996e-09,2.071222896780776e-09,1.9585065385396718e-09,1.8603995180925302e-09,1.7744696038533808e-09,1.6964002540265367e-09,1.6248780141479798e-09,1.5605031991661254e-09,1.502422812311707e-09,1.4495070454605312e-09
6.87300806352779e-11,1.9564201081563205e-10,3.975986022486074e-10,6.990080158888272e-10,1.137000237878875e-09,1.86916126425736e-09,3.0549372386012602e-09,5.230085711162162e-09,1.1835703132958779e-08,3.417004597096543e-08,1.1817704355307627e-07,1.263509456344683e-06,0.9999962395664738,1.7858414906104823e-06,2.770355895058286e-07,9.372247897665393e-08,4.367103828402067e-08,2.6848706161693153e-08,1.7778395311285636e-08,1.2101289514814368e-08,8.540815316193037e-09,6.636606185644153e-09,5.452806771531211e-09,4.661401610339663e-09,4.076200779391493e-09,3.6137762995281323e-09,3.2316585988940793e-09,2.9299517419354174e-09,2.6873680401755326e-09,2.4896247454247923e-09,2.3229230739058963e-09,2.1802823934046435e-09,2.058555822996688e-09,1.95287337150152e-09,1.8605188873093621e-09,1.776732034068284e-09,1.7000698125465507e-09,1.6311818676746698e-09,1.569125913079883e-09,1.5126632026281104e-09
6.759113087972773e-11,1.920874514984819e-10,3.887526743479003e-10,6.800479166530315e-10,1.1000424114840094e-09,1.7938997023026517e-09,2.9016304636712e-09,4.88973584174979e-09,1.0588420077539754e-08,2.7521402441598987e-08,7.742579226694939e-08,2.992115919230086e-07,2.015226174309047e-06,0.9999964488317166,7.79324127727316e-07,1.4282357656162864e-07,5.528258126193102e-08,3.1837174632848065e-08,2.025143358998636e-08,1.3370750184300528e-08,9.230996964655493e-09,7.0877338827892086e-09,5.780102268579841e-09,4.916681182710868e-09,4.2831688957231986e-09,3.785241946594595e-09,3.375459713965205e-09,3.0533955861344963e-09,2.795415134634116e-09,2.5857940306346853e-09,2.409502688689464e-09,2.258962369645208e-09,2.1307496585413096e-09,2.0196167879459617e-09,1.9226423978830465e-09,1.834739564896704e-09,1.7543728454948258e-09,1.6822324076598335e-09,1.6173118163107959e-09,1.5582930992644803e-09
6.529528156747866e-11,1.8497269773101788e-10,3.7118722367804377e-10,6.426863629982867e-10,1.027735567593359e-09,1.6484581116095053e-09,2.610020837434534e-09,4.259286983965513e-09,8.491000716914776e-09,1.854282441687539e-08,4.015670733552655e-08,8.750853869284644e-08,2.0128158227627296e-07,1.1661394383591988e-06,0.9999977844751231,4.321391790875451e-07,9.020232995993963e-08,4.479473552759459e-08,2.619360298555452e-08,1.623668885794786e-08,1.0721184302959975e-08,8.04336085493318e-09,6.467287328849252e-09,5.450636986617662e-09,4.715116983365625e-09,4.142450391501281e-09,3.6744632544819242e-09,3.30976408316734e-09,3.0196465143727935e-09,2.7853109846596622e-09,2.589090886664821e-09,2.4221457646228743e-09,2.2804824849380522e-09,2.158055266553203e-09,2.0515142734873114e-09,1.955076568299627e-09,1.8670176493684597e-09,1.7881250764546014e-09,1.717259125904234e-09,1.6529357759479746e-09
6.136899681902966e-11,1.7303625805854692e-10,3.423424806980966e-10,5.826764202174452e-10,9.142118826645519e-10,1.4276556526665464e-09,2.185820630163533e-09,3.3987555126120317e-09,6.073982426595682e-09,1.1013637659243556e-08,1.912667698131454e-08,3.285650879321065e-08,5.759917860053676e-08,1.2505847546631828e-07,7.438998305149165e-07,0.9999984547338059,2.952342996906844e-07,9.171316670887618e-08,4.342230033507203e-08,2.3276833538794892e-08,1.4010119345802983e-08,1.0058226701207506e-08,7.883084293286075e-09,6.537619734557874e-09,5.587342102972088e-09,4.858676143468996e-09,4.269860625210232e-09,3.817681613249519e-09,3.4622433861124482e-09,3.178068602147564e-09,2.94183474376603e-09,2.7420572321697156e-09,2.5735828430383758e-09,2.4287023041846037e-09,2.3031905372755575e-09,2.1898123344646405e-09,2.0864712208823653e-09,1.994184583235176e-09,1.911543245859898e-09,1.8367244066335154e-09
5.5783533278030155e-11,1.5660990582486733e-10,3.040589412196249e-10,5.059349720290655e-10,7.744583748224429e-10,1.1697524330006968e-09,1.7212105280139623e-09,2.5365693109963805e-09,4.082365348577944e-09,6.438675669919232e-09,9.672968453002956e-09,1.440849101360227e-08,2.2009847829910475e-08,3.7956829809500655e-08,8.583715726733081e-08,4.1559149560961967e-07,0.9999963382084043,2.7522176639450295e-06,1.4410976220158886e-07,4.579773182282983e-08,2.2069523675229e-08,1.4536901329489673e-08,1.0883604028626896e-08,8.783659917615792e-09,7.357975879625611e-09,6.290121497620444e-09,5.441901151311328e-09,4.806309482552491e-09,4.316430100710192e-09,3.931253344728066e-09,3.6146786283406166e-09,3.3494486550313284e-09,3.1279658682399353e-09,2.9389471804852315e-09,2.776341317702873e-09,2.629826151829221e-09,2.496580202747211e-09,2.3781773838206385e-09,2.2726565273937536e-09,2.177499208052503e-09
5.46923664198376e-11,1.5347116364441756e-10,2.9691567895236343e-10,4.919559747780312e-10,7.496074426352702e-10,1.125364722009445e-09,1.6443076916249164e-09,2.401184805962658e-09,3.800981344084684e-09,5.879032532424483e-09,8.667787883402484e-09,1.2661889226370935e-08,1.8905593049921157e-08,3.136654314206874e-08,6.52756172611366e-08,2.2072316898096128e-07,2.889143302892426e-06,0.9999963624472364,1.9759567908960853e-07,5.2914625812757505e-08,2.4175718507527577e-08,1.564751895476101e-08,1.161280552278829e-08,9.325406635975248e-09,7.782958152952421e-09,6.631651376064952e-09,5.719597467740445e-09,5.039382754135536e-09,4.517132329971371e-09,4.107837910646312e-09,3.772144644759034e-09,3.4913733824023305e-09,3.257354267912547e-09,3.057918559038233e-09,2.8865772038183423e-09,2.7322353108661674e-09,2.591906749482522e-09,2.4673260098845225e-09,2.3564003239219115e-09,2.2564412725783466e-09
4.725831563545336e-11,1.327471317457052e-10,2.512487918276195e-10,4.0538262680882124e-10,6.004141932004523e-10,8.690681783772319e-10,1.219330179156971e-09,1.6928989810745842e-09,2.458115150865064e-09,3.465749726420151e-09,4.704969555977298e-09,6.339898805350676e-09,8.638464848259463e-09,1.2350443547267058e-08,1.9265851943952102e-08,3.4362922734902576e-08,7.147590701640372e-08,3.9926912585205983e-07,0.9999990112762859,2.175391670487134e-07,5.036657526131237e-08,2.8157297155538527e-08,1.9517417453545068e-08,1.5098370223656078e-08,1.2248975850716387e-08,1.0160466922296352e-08,8.533018178704897e-09,7.367574323668031e-09,6.5018383967942e-09,5.841477806995681e-09,5.308628549476429e-09,4.868770011858788e-09,4.507724617211088e-09,4.203400748081553e-09,3.944619529967219e-09,3.7116821202104985e-09,3.5000652740918384e-09,3.3135441766508108e-09,3.1486727951079903e-09,3.0009383686988004e-09
3.5979044312045245e-11,1.0345972062398336e-10,1.910791084703614e-10,2.986693891592942e-10,4.2781446482388185e-10,5.940758023500216e-10,7.98485839221439e-10,1.0555460777009682e-09,1.4198263445788108e-09,1.8612494306966388e-09,2.3798059082313055e-09,3.036229424889638e-09,3.918661274240958e-09,5.210356370221522e-09,7.2287831341905975e-09,1.0602042595791828e-08,1.670492746999575e-08,3.269507743553619e-08,1.0042410551549635e-07,0.9999949327524295,3.790864519968495e-06,4.728931365236249e-07,1.8367826116421082e-07,1.1148772249792331e-07,7.378077502782467e-08,4.941728776823225e-08,3.3968929393064586e-08,2.5742214782472822e-08,2.0718176491140594e-08,1.7405075704864956e-08,1.496176330904625e-08,1.3089765392192275e-08,1.1670542258439391e-08,1.0541444419689939e-08,9.629577288092494e-09,8.82025763651745e-09,8.096728009901983e-09,7.482400439127882e-09,6.958795045201237e-09,6.502803977977232e-09
3.5321791769639597e-11,1.0182992234871186e-10,1.8787592952483521e-10,2.9321612711777484e-10,4.1932554531944324e-10,5.811331279837857e-10,7.795251471745106e-10,1.0282205790190737e-09,1.378618684149074e-09,1.8018616451898239e-09,2.298205473928337e-09,2.925269392436119e-09,3.7664445997638125e-09,4.993339668440108e-09,6.8994211872002135e-09,1.005637950169032e-08,1.5702218581898923e-08,3.009131585471512e-08,8.679408927980996e-08,3.853667840298323e-06,0.9999939796246394,1.1242006382078557e-06,3.146380198109748e-07,1.6898309998284432e-07,1.0238350351360564e-07,6.322784346877105e-08,4.0994661143668235e-08,3.0165497165576474e-08,2.3843262218548984e-08,1.9785846080387973e-08,1.6841332036676194e-08,1.4614730309294144e-08,1.2948404386577618e-08,1.1635224412457527e-08,1.0583362137004951e-08,9.652917735466255e-09,8.824297195060642e-09,8.125050886081976e-09,7.532425656950056e-09,7.018690897942666e-09
3.3599422490655106e-11,9.758458105300187e-11,1.7957583126040102e-10,2.791433313827661e-10,3.974879231059757e-10,5.479556456807497e-10,7.310477016592969e-10,9.585387035089685e-10,1.274123474796512e-09,1.65175022855651e-09,2.0919162745153727e-09,2.6439080828813298e-09,3.378084150955546e-09,4.434918411830513e-09,6.043912110747453e-09,8.62671858533081e-09,1.3043143459211323e-08,2.3234083700246245e-08,5.420276973898531e-08,2.236467645495595e-07,7.616845421314479e-07,0.9999676880543577,2.8342466088122132e-05,1.9286288383679285e-06,4.486016914584371e-07,1.5319937347606812e-07,7.348221469882142e-08,4.826254655429157e-08,3.594773278361586e-08,2.872624428290679e-08,2.3726434355960527e-08,2.008572611850475e-08,1.7463532192634678e-08,1.5452220530152316e-08,1.3878424967172507e-08,1.2497470955161034e-08,1.1280424641476608e-08,1.0272033716856522e-08,9.431586986189449e-09,8.71271343836129e-09
3.347822789433589e-11,9.728735269560698e-11,1.789972946073315e-10,2.781659440326551e-10,3.959756872762391e-10,5.456656940119836e-10,7.277107383740829e-10,9.537555562402276e-10,1.2669882043065542e-09,1.6415382006559033e-09,2.0779032154230437e-09,2.624793017312001e-09,3.351657369667319e-09,4.396842569249879e-09,5.985540979081988e-09,8.529484152600384e-09,1.2863686784540825e-08,2.278892323282964e-08,5.240097094108983e-08,2.0281578930913186e-07,6.552221589620544e-07,2.919795919747335e-05,0.9999647836046502,3.985423974129187e-06,5.46553313859403e-07,1.6691287473068238e-07,7.707771061533589e-08,5.006894967577115e-08,3.71036871378059e-08,2.9560456472908988e-08,2.4357352420295827e-08,2.0579487712444492e-08,1.7866651371190625e-08,1.5789927184274848e-08,1.4167762360263742e-08,1.2745145290943018e-08,1.1492325013122548e-08,1.0455778787127551e-08,9.592993526804482e-09,8.855758717649643e-09
3.297861005811753e-11,9.606173492417985e-11,1.7661056652593723e-10,2.7413032640235136e-10,3.897242261887341e-10,5.361875081305826e-10,7.138757248929651e-10,9.338868882700522e-10,1.237309294510215e-09,1.598967018115323e-09,2.019288722313423e-09,2.544477991849194e-09,3.2399718173719804e-09,4.23475506463335e-09,5.734959891149845e-09,8.108316118808435e-09,1.2079369576634825e-08,2.0840845414695424e-08,4.475292454211365e-08,1.3349081122248905e-07,3.168610156943914e-07,9.244951473497095e-07,5.525132963007088e-06,0.9999912777469793,1.1051318188802087e-06,2.2592626156513938e-07,9.094687995413162e-08,5.701319706157255e-08,4.1626709165105954e-08,3.2877016524411566e-08,2.6890321457451205e-08,2.2574508119548117e-08,1.950379536647768e-08,1.7167653982591836e-08,1.5352998098503577e-08,1.3761771340117718e-08,1.236285071114243e-08,1.1211201442676817e-08,1.0256968403738867e-08,9.44455760012729e-09
3.143586601059702e-11,9.230003275018777e-11,1.6932497838811263e-10,2.618679015412941e-10,3.7080414876042625e-10,5.076308281637726e-10,6.723619053783876e-10,8.745298425226807e-10,1.1492852968476697e-09,1.4734771670309321e-09,1.8472655032824886e-09,2.309653109470161e-09,2.9146491942882114e-09,3.765255263459111e-09,5.016488509581453e-09,6.9233376471880345e-09,9.942864724721442e-09,1.593209459967241e-08,2.9041177395248187e-08,5.784600578388945e-08,9.462917166043185e-08,1.667697926500328e-07,3.3017088823589263e-07,1.775915299560146e-06,0.999996214666474,7.301166274812317e-07,1.4729494376701618e-07,8.433891335526922e-08,5.9490191103675374e-08,4.6138569733411384e-08,3.7038834877085886e-08,3.054428464798172e-08,2.6035760226919682e-08,2.2653894349178276e-08,2.0063209263886596e-08,1.777759809356886e-08,1.577213382659447e-08,1.4146914612450918e-08,1.2819812565221217e-08,1.170262436891966e-08
2.7996911132781036e-11,8.40627498789488e-11,1.5362791126753612e-10,2.358221611920233e-10,3.311319338989456e-10,4.4860145373259733e-10,5.877138468755545e-10,7.552712914427025e-10,9.76167205673354e-10,1.231463553402561e-09,1.5209505702552583e-09,1.8714150773760596e-09,2.3181528937243573e-09,2.9244418276774526e-09,3.774577860646751e-09,4.986095976383172e-09,6.734134030947131e-09,9.662138376039488e-09,1.4621464608113272e-08,2.229507150780236e-08,3.0650295696579016e-08,4.3713774815948986e-08,6.598170298633207e-08,1.2285646635633085e-07,4.006432872333851e-07,0.9999950591061758,2.7226123836356518e-06,4.889431130803219e-07,2.5385244364067744e-07,1.7453291997417976e-07,1.2417814304638792e-07,9.210928789759124e-08,7.334953124159407e-08,6.0429920524661e-08,5.124221156416913e-08,4.291500202721863e-08,3.580621132078032e-08,3.0528173973732234e-08,2.6535112279817806e-08,2.335146383703187e-08
2.6820403722499207e-11,8.129154154912455e-11,1.484267239787053e-10,2.273067200171792e-10,3.183174281602829e-10,4.2978620925449664e-10,5.610738508515336e-10,7.182472378898468e-10,9.234533179761851e-10,1.1590856067736954e-09,1.4248696994532516e-09,1.7443879485376392e-09,2.1481850437603267e-09,2.6900713904516057e-09,3.4390955357530507e-09,4.486801700300742e-09,5.962034203868021e-09,8.329082614141372e-09,1.2127383575160357e-08,1.766749622006367e-08,2.36618030524757e-08,3.281953811684747e-08,4.8011925213477064e-08,8.250273821790294e-08,1.9789915216118128e-07,1.1256790093215742e-06,0.9999547784302109,3.8461562218784376e-05,2.8019315855519224e-06,9.692386796836394e-07,4.7131377472476425e-07,2.6475768923646405e-07,1.7945220041006667e-07,1.3170211935232407e-07,1.0282642832316287e-07,7.872898671304335e-08,6.04039916932125e-08,4.8491897288190326e-08,4.034600882810872e-08,3.4291832650729653e-08
2.670109321012329e-11,8.101170370958905e-11,1.4790348459956672e-10,2.2645282118724593e-10,3.1703605938786727e-10,4.2791062030917503e-10,5.584257724767563e-10,7.145778714018523e-10,9.182519715737415e-10,1.151971902565368e-09,1.415456755548181e-09,1.731983227604699e-09,2.131646590465112e-09,2.6673719676617134e-09,3.4068119227018403e-09,4.439190759841744e-09,5.889345106897588e-09,8.206533378292387e-09,1.1905507082291234e-08,1.72703829478847e-08,2.3069251339621838e-08,3.1900220799844965e-08,4.6489328745339745e-08,7.916563094699587e-08,1.8517653621127217e-07,9.185743503157846e-07,3.9047962898236616e-05,0.9999506637257228,5.535617053150153e-06,1.7240268016340908e-06,6.131267151727902e-07,3.1692432449233644e-07,2.0722876981224463e-07,1.4820342861629822e-07,1.1369297876375984e-07,8.558257919769298e-08,6.469559440269608e-08,5.142296334121889e-08,4.2492695479636265e-08,3.592636924001504e-08
2.6382246482378502e-11,8.026315072071222e-11,1.465023057801764e-10,2.2416313824089008e-10,3.13594833516476e-10,4.228656115774255e-10,5.512898424900708e-10,7.04670309621918e-10,9.041841766344414e-10,1.1326915385496149e-09,1.3898788784805814e-09,1.6981760888272955e-09,2.0864211821480323e-09,2.6050604221772654e-09,3.3178141901741955e-09,4.307354023796154e-09,5.6871942267983835e-09,7.865023229936797e-09,1.1286315435265908e-08,1.615950484210471e-08,2.138974609564711e-08,2.9240967820806296e-08,4.194032862688836e-08,6.894453635400024e-08,1.4585982769575532e-07,4.633820426655796e-07,1.2311647924927262e-06,5.050482211848719e-06,0.9999474664770287,4.278839126980819e-05,1.1718647983962337e-06,4.855221285260125e-07,2.959502362263358e-07,1.9953286708778333e-07,1.4673153392708716e-07,1.057012946616798e-07,7.684028669255642e-08,5.9534676532778674e-08,4.835249173062306e-08,4.03517671004573e-08
2.630592771263213e-11,8.008407778759019e-11,1.461672512292178e-10,2.2361576009443451e-10,3.127722605839336e-10,4.216598854319002e-10,5.495844914155762e-10,7.02302707316908e-10,9.008239048453723e-10,1.1280873415908852e-09,1.3837707385604157e-09,1.6901021801332478e-09,2.075619901666029e-09,2.5901802993330574e-09,3.296571521017725e-09,4.27591967780484e-09,5.639092326845074e-09,7.78417503491245e-09,1.1140873204809011e-08,1.5900888739841085e-08,2.099984893354875e-08,2.862520459002976e-08,4.089003274374509e-08,6.664001441119007e-08,1.3775367117834827e-07,4.049960540869939e-07,8.867320236357257e-07,3.807769363707761e-06,4.174370334167045e-05,0.9999499311543899,1.2975651801560406e-06,5.332693841239538e-07,3.2237686594984397e-07,2.1480129439272672e-07,1.5639699325549512e-07,1.1138739974003387e-07,8.014380888632586e-08,6.16900697712923e-08,4.9884555920089685e-08,4.149710832493455e-08
2.506333800563499e-11,7.71783199689877e-11,1.4074627925164252e-10,2.1478092857480277e-10,2.9952264477675916e-10,4.0228324031907984e-10,5.222349790192719e-10,6.644167510587494e-10,8.472500344636777e-10,1.0549189335772035e-09,1.2869612428343799e-09,1.5624893629866085e-09,1.9054472929399513e-09,2.3567586715829066e-09,2.965399391758981e-09,3.790263116243215e-09,4.905390847348395e-09,6.579114763690055e-09,9.043066927188529e-09,1.2309718059867065e-08,1.570184178435804e-08,2.048227254108577e-08,2.7553099861388002e-08,4.000463164096078e-08,6.396339337678578e-08,1.0966220807502109e-07,1.6422082418798567e-07,2.54108225344916e-07,4.5371647938201694e-07,1.1390485399693752e-06,3.4709983209046896e-05,0.9999332517168157,2.608489049393978e-05,2.0226840748450464e-06,7.570956873072672e-07,3.6025954265177195e-07,1.8999840710658247e-07,1.2313787533258812e-07,8.967191802063307e-08,6.92954165041266e-08
2.4896426363097173e-11,7.678915833804746e-11,1.400220726963866e-10,2.136030188336589e-10,2.9775894144926194e-10,3.9970876206269083e-10,5.186070868501135e-10,6.594003185753195e-10,8.40180024876231e-10,1.0452914426485538e-09,1.2742529277390216e-09,1.5457782818361644e-09,1.883226576109628e-09,2.326398609952374e-09,2.9225741925914407e-09,3.7280070299782936e-09,4.812535621684069e-09,6.430152145966969e-09,8.792492470250248e-09,1.1897536613728873e-08,1.5107729128332756e-08,1.9595771518603782e-08,2.6162812750212542e-08,3.749392178243778e-08,5.8513228292296064e-08,9.645235702984622e-08,1.4028709207064033e-07,2.0954967952705995e-07,3.536513800677367e-07,7.504171563074249e-07,3.1676551920085146e-06,2.8283434483308293e-05,0.9999607432949746,4.0165710605073535e-06,1.0686004738700525e-06,4.361809565913469e-07,2.167682689621162e-07,1.3639811593381565e-07,9.76017697983172e-08,7.451246528557614e-08
2.434365462073174e-11,7.550252126114598e-11,1.376312002904844e-10,2.0971904926920395e-10,2.919493525557291e-10,3.9123860004744946e-10,5.066840710813499e-10,6.429337487036669e-10,8.170190488225752e-10,1.0138093537419976e-09,1.2327610883493957e-09,1.4913093990810258e-09,1.8109461743416005e-09,2.2279086508766175e-09,2.784163936501291e-09,3.5278370463161375e-09,4.516109805514202e-09,5.960386904676269e-09,8.015655569840704e-09,1.0643999075247304e-08,1.3323278566869713e-08,1.6974903734167293e-08,2.2139165218026364e-08,3.052526467358907e-08,4.4551649925866626e-08,6.652024777511883e-08,9.009512680021601e-08,1.2338704365053577e-07,1.8231347331332121e-07,3.1212985800467466e-07,5.672505647662635e-07,1.0293435583072814e-06,4.033595391073562e-06,0.9999261555922891,6.563410404911062e-05,8.725654098243251e-07,3.40259023801536e-07,1.9248619173847773e-07,1.2947408816202625e-07,9.485237812543367e-08
2.429240561701832e-11,7.538347570868023e-11,1.3741038884596507e-10,2.0936092877245577e-10,2.914144750725882e-10,3.9046005413799896e-10,5.055899003854876e-10,6.414252484206132e-10,8.149024650924762e-10,1.0109390566700208e-09,1.2289863948889213e-09,1.4863657437743068e-09,1.804403766389939e-09,2.219024172217866e-09,2.771733270315721e-09,3.509963198477357e-09,4.4898403813449385e-09,5.9192475973185405e-09,7.948716374024912e-09,1.0537918911839504e-08,1.3174211330651388e-08,1.6759495555572097e-08,2.1815496723967954e-08,2.998577810359859e-08,4.354213334727896e-08,6.456187032328681e-08,8.702165984480844e-08,1.1850209273868804e-07,1.7363027804030943e-07,2.9384989109604494e-07,5.295398032966568e-07,9.41670963681677e-07,3.308902230603877e-06,6.453367320421747e-05,0.9999280458363549,9.425053168656079e-07,3.570591475133701e-07,1.9940474130460572e-07,1.3317898725443508e-07,9.7144457020462e-08
2.5210141646425263e-11,7.752055138279102e-11,1.413830061894773e-10,2.1581620797815896e-10,3.0107210070563896e-10,4.0454406093841885e-10,5.254193010537586e-10,6.688176932531728e-10,8.534513491685808e-10,1.0633606846526429e-09,1.2980986952812856e-09,1.5771264879246334e-09,1.9248985585719827e-09,2.3833200265227824e-09,3.0028518711627228e-09,3.844709375935267e-09,4.986652754332166e-09,6.709826394674234e-09,9.263913737788405e-09,1.2674880136756936e-08,1.622886272822595e-08,2.1269965939010435e-08,2.8791874746780252e-08,4.22672710476329e-08,6.902352951748317e-08,1.2257497773355022e-07,1.880308802912668e-07,2.9895339019834047e-07,5.49479664802941e-07,1.4156600610534445e-06,0.99995679058201,3.414129940306744e-05,3.873699865252817e-06,1.1135387056106791e-06,5.511323277315768e-07,2.9739651565392443e-07,1.6712837324488214e-07,1.1170940463261689e-07,8.277241118139916e-08,6.472341937575398e-08
2.258871387322674e-11,7.144909340985482e-11,1.3015051863713823e-10,1.9764334274174591e-10,2.739887012668849e-10,3.6521892394422815e-10,4.702916438772418e-10,5.930334998871933e-10,7.475018441764764e-10,9.20192538593538e-10,1.1104705806252084e-09,1.3322573645889546e-09,1.6020120346348837e-09,1.9465832451362797e-09,2.3946599114217195e-09,2.9753969923211237e-09,3.718543119801897e-09,4.744935152199826e-09,6.108713498362146e-09,7.738296986853566e-09,9.348926198737737e-09,1.1416106909878977e-08,1.4127411418749149e-08,1.8023865333516017e-08,2.3487896893437497e-08,3.052453818378747e-08,3.7724267794043344e-08,4.6839420048396996e-08,5.953357453480821e-08,7.950089217859128e-08,1.09266838336891e-07,1.54744275917171e-07,2.5013009455506927e-07,5.161571436236031e-07,1.741495996712195e-06,0.9999922792061391,2.9523824585951774e-06,9.055280618937432e-07,4.5492520573886047e-07,2.641259431746168e-07
2.1566116997718274e-11,6.91127816644079e-11,1.258808934208784e-10,1.9081596570383308e-10,2.639159736714577e-10,3.507687342689984e-10,4.5030912903160644e-10,5.659971011434981e-10,7.103746796620338e-10,8.708940856030624e-10,1.0469642994287232e-09,1.250729679245763e-09,1.49619377700066e-09,1.8057868263551568e-09,2.2024161782568565e-09,2.707776353316364e-09,3.3418843974894653e-09,4.193642391548745e-09,5.290110405214635e-09,6.5624382970980835e-09,7.806301636553744e-09,9.364272229618131e-09,1.134901932931775e-08,1.4083197154224513e-08,1.7738903774557943e-08,2.2251260087678877e-08,2.6915062765129685e-08,3.271118887249167e-08,4.039935826089899e-08,5.1570127080503807e-08,6.715531604358793e-08,8.94798335851587e-08,1.2955287912867524e-07,2.144177050041e-07,4.796999630173824e-07,1.6808018247577096e-06,0.9999588472763516,3.408283066175051e-05,3.2140062719040193e-06,9.185024491206327e-07
2.1512242441354388e-11,6.899003960344443e-11,1.2565712762888387e-10,1.9045896487737101e-10,2.633900197173933e-10,3.500158756733056e-10,4.492721545117181e-10,5.646009231249319e-10,7.084646044989422e-10,8.683689718174305e-10,1.0437246471384218e-09,1.2465814845695335e-09,1.4908136753637943e-09,1.7986264916300282e-09,2.19264415794962e-09,2.69421875041923e-09,3.3229466548978557e-09,4.1663516348790006e-09,5.25047386287115e-09,6.50669025136137e-09,7.734225225675288e-09,9.269918030009863e-09,1.1223517466810184e-08,1.3909361060335515e-08,1.7492861238294388e-08,2.1907839663611832e-08,2.6472495480809335e-08,3.214016460264348e-08,3.9644728978692534e-08,5.0514327972061945e-08,6.563838430337042e-08,8.723684336875251e-08,1.2574195726430868e-07,2.0634133554715147e-07,4.5334403756487864e-07,1.485251786949643e-06,3.4320704399479545e-05,0.9999579412137407,4.034225331433123e-06,1.0075596702875845e-06
2.0761135978679825e-11,6.728081027123106e-11,1.2254439400865287e-10,1.8549292476703363e-10,2.5607537057892697e-10,3.395415982009215e-10,4.348461375985922e-10,5.451548989505257e-10,6.81854078712767e-10,8.332299759740133e-10,9.986325653754828e-10,1.188870528285578e-09,1.4161656475909561e-09,1.699955867463514e-09,2.059576029104469e-09,2.5126353398207314e-09,3.0745625257319247e-09,3.81866822847913e-09,4.759559288872621e-09,5.835353517588452e-09,6.884444010497761e-09,8.178195170290928e-09,9.796894514819235e-09,1.1962639353909756e-08,1.4756865482872121e-08,1.8120891540540715e-08,2.1614708310761087e-08,2.588891916401018e-08,3.133283142638441e-08,3.8823963464901586e-08,4.871566863047197e-08,6.199179513128346e-08,8.335917937083758e-08,1.21659440600347e-07,2.1171301849321384e-07,4.2690010320328213e-07,8.993536212738743e-07,2.758983593441364e-06,0.9999543475958749,4.076444507469185e-05
2.0591203195494577e-11,6.689156156072294e-11,1.218313345974125e-10,1.8434622312096388e-10,2.5437483151708314e-10,3.370876988487081e-10,4.31434445662788e-10,5.404990153751486e-10,6.754265307272332e-10,8.246554786191677e-10,9.874791937783432e-10,1.1744455157413406e-09,1.3973942858404947e-09,1.6751723790663827e-09,2.0263887067887462e-09,2.4678182846179844e-09,3.0140312260444695e-09,3.732879488306916e-09,4.637143190785546e-09,5.665780171745674e-09,6.668139736320635e-09,7.89386211097769e-09,9.413274551276676e-09,1.1426588739317623e-08,1.4009740942396093e-08,1.708686672557149e-08,2.0244429093426252e-08,2.407760220111436e-08,2.9019665637236095e-08,3.5855027462314326e-08,4.497266355991553e-08,5.740099883713733e-08,7.737845657967582e-08,1.1262834411231403e-07,1.8943937440391887e-07,3.4979882639704484e-07,6.53500531890802e-07,1.6131074790649577e-06,1.7530374247342633e-05,0.4721063229253539
