5133,3453,0.9090909090909091,True
5133,2188,0.8181818181818182,False
5133,3453,0.7272727272727273,True
5133,2439,0.6363636363636364,False
5133,2208,0.5454545454545454,True
5133,907,0.45454545454545453,False
5133,2188,0.36363636363636365,False
5133,3054,0.2727272727272727,False
5133,3678,0.18181818181818182,True
5133,2067,0.09090909090909091,False
1984,3453,0.9090909090909091,True
1984,3453,0.8181818181818182,True
1984,2188,0.7272727272727273,False
1984,2188,0.6363636363636364,False
1984,2208,0.5454545454545454,True
1984,2439,0.45454545454545453,False
1984,2208,0.36363636363636365,True
1984,2439,0.2727272727272727,False
1984,907,0.18181818181818182,False
1984,3678,0.09090909090909091,True
3324,3453,0.9090909090909091,True
3324,2188,0.8181818181818182,False
3324,2208,0.7272727272727273,True
3324,2439,0.6363636363636364,False
3324,907,0.5454545454545454,False
3324,3678,0.45454545454545453,True
3324,3054,0.36363636363636365,False
3324,1812,0.2727272727272727,True
3324,2067,0.18181818181818182,False
3324,1672,0.09090909090909091,False
3552,3453,0.9090909090909091,True
3552,2188,0.8181818181818182,False
3552,2208,0.7272727272727273,True
3552,2439,0.6363636363636364,False
3552,907,0.5454545454545454,False
3552,3678,0.45454545454545453,True
3552,3054,0.36363636363636365,False
3552,1812,0.2727272727272727,True
3552,2067,0.18181818181818182,False
3552,1672,0.09090909090909091,False
3248,3453,0.9090909090909091,True
3248,2188,0.8181818181818182,False
3248,2208,0.7272727272727273,True
3248,2439,0.6363636363636364,False
3248,907,0.5454545454545454,False
3248,3678,0.45454545454545453,True
3248,3054,0.36363636363636365,False
3248,1812,0.2727272727272727,True
3248,2067,0.18181818181818182,False
3248,1672,0.09090909090909091,False
767,3453,0.9090909090909091,True
767,2188,0.8181818181818182,False
767,3453,0.7272727272727273,True
767,2188,0.6363636363636364,False
767,2439,0.5454545454545454,False
767,2208,0.45454545454545453,True
767,907,0.36363636363636365,False
767,3054,0.2727272727272727,False
767,3678,0.18181818181818182,True
767,2067,0.09090909090909091,False
1277,3453,0.9090909090909091,True
1277,2188,0.8181818181818182,False
1277,3453,0.7272727272727273,True
1277,2208,0.6363636363636364,True
1277,2439,0.5454545454545454,False
1277,2188,0.45454545454545453,False
1277,907,0.36363636363636365,False
1277,3678,0.2727272727272727,True
1277,3054,0.18181818181818182,False
1277,1812,0.09090909090909091,True
1818,3453,0.9090909090909091,True
1818,3453,0.8181818181818182,True
1818,2188,0.7272727272727273,False
1818,2188,0.6363636363636364,False
1818,2208,0.5454545454545454,True
1818,2439,0.45454545454545453,False
1818,2208,0.36363636363636365,True
1818,2439,0.2727272727272727,False
1818,907,0.18181818181818182,False
1818,3678,0.09090909090909091,True
1834,3453,0.9090909090909091,True
1834,2188,0.8181818181818182,False
1834,2208,0.7272727272727273,True
1834,2439,0.6363636363636364,False
1834,907,0.5454545454545454,False
1834,3678,0.45454545454545453,True
1834,3054,0.36363636363636365,False
1834,3453,0.2727272727272727,True
1834,1812,0.18181818181818182,True
1834,2067,0.09090909090909091,False
2231,3453,0.9090909090909091,True
2231,2188,0.8181818181818182,False
2231,2208,0.7272727272727273,True
2231,2439,0.6363636363636364,False
2231,907,0.5454545454545454,False
2231,3678,0.45454545454545453,True
2231,3054,0.36363636363636365,False
2231,1812,0.2727272727272727,True
2231,2067,0.18181818181818182,False
2231,1672,0.09090909090909091,False
2571,3453,0.9090909090909091,True
2571,2188,0.8181818181818182,False
2571,2208,0.7272727272727273,True
2571,2439,0.6363636363636364,False
2571,907,0.5454545454545454,False
2571,3678,0.45454545454545453,True
2571,3054,0.36363636363636365,False
2571,1812,0.2727272727272727,True
2571,2067,0.18181818181818182,False
2571,1672,0.09090909090909091,False
3848,3453,0.9090909090909091,True
3848,2188,0.8181818181818182,False
3848,2208,0.7272727272727273,True
3848,2439,0.6363636363636364,False
3848,907,0.5454545454545454,False
3848,3678,0.45454545454545453,True
3848,3054,0.36363636363636365,False
3848,1812,0.2727272727272727,True
3848,2067,0.18181818181818182,False
3848,1672,0.09090909090909091,False
3188,3453,0.9090909090909091,True
3188,2188,0.8181818181818182,False
3188,2208,0.7272727272727273,True
3188,2439,0.6363636363636364,False
3188,3453,0.5454545454545454,True
3188,907,0.45454545454545453,False
3188,3678,0.36363636363636365,True
3188,3054,0.2727272727272727,False
3188,1812,0.18181818181818182,True
3188,2067,0.09090909090909091,False
4160,3453,0.9090909090909091,True
4160,2188,0.8181818181818182,False
4160,3453,0.7272727272727273,True
4160,2208,0.6363636363636364,True
4160,2439,0.5454545454545454,False
4160,2188,0.45454545454545453,False
4160,907,0.36363636363636365,False
4160,3678,0.2727272727272727,True
4160,3054,0.18181818181818182,False
4160,1812,0.09090909090909091,True
4249,3453,0.9090909090909091,True
4249,2188,0.8181818181818182,False
4249,2208,0.7272727272727273,True
4249,2439,0.6363636363636364,False
4249,907,0.5454545454545454,False
4249,3453,0.45454545454545453,True
4249,3678,0.36363636363636365,True
4249,3054,0.2727272727272727,False
4249,1812,0.18181818181818182,True
4249,2067,0.09090909090909091,False
3489,3453,0.9090909090909091,True
3489,2188,0.8181818181818182,False
3489,2208,0.7272727272727273,True
3489,2439,0.6363636363636364,False
3489,907,0.5454545454545454,False
3489,3678,0.45454545454545453,True
3489,3054,0.36363636363636365,False
3489,1812,0.2727272727272727,True
3489,2067,0.18181818181818182,False
3489,1672,0.09090909090909091,False
970,3453,0.9090909090909091,True
970,2188,0.8181818181818182,False
970,2208,0.7272727272727273,True
970,2439,0.6363636363636364,False
970,907,0.5454545454545454,False
970,3678,0.45454545454545453,True
970,3054,0.36363636363636365,False
970,1812,0.2727272727272727,True
970,2067,0.18181818181818182,False
970,3453,0.09090909090909091,True
280,3453,0.9090909090909091,True
280,2188,0.8181818181818182,False
280,2208,0.7272727272727273,True
280,2439,0.6363636363636364,False
280,907,0.5454545454545454,False
280,3678,0.45454545454545453,True
280,3054,0.36363636363636365,False
280,1812,0.2727272727272727,True
280,2067,0.18181818181818182,False
280,3453,0.09090909090909091,True
5884,3453,0.9090909090909091,True
5884,2188,0.8181818181818182,False
5884,2208,0.7272727272727273,True
5884,2439,0.6363636363636364,False
5884,907,0.5454545454545454,False
5884,3678,0.45454545454545453,True
5884,3054,0.36363636363636365,False
5884,1812,0.2727272727272727,True
5884,2067,0.18181818181818182,False
5884,3453,0.09090909090909091,True
984,3453,0.9090909090909091,True
984,3453,0.8181818181818182,True
984,2188,0.7272727272727273,False
984,2188,0.6363636363636364,False
984,2208,0.5454545454545454,True
984,2208,0.45454545454545453,True
984,2439,0.36363636363636365,False
984,2439,0.2727272727272727,False
984,907,0.18181818181818182,False
984,907,0.09090909090909091,False
276,3453,0.9090909090909091,True
276,2188,0.8181818181818182,False
276,2208,0.7272727272727273,True
276,2439,0.6363636363636364,False
276,907,0.5454545454545454,False
276,3678,0.45454545454545453,True
276,3054,0.36363636363636365,False
276,1812,0.2727272727272727,True
276,2067,0.18181818181818182,False
276,1672,0.09090909090909091,False
4956,3453,0.9090909090909091,True
4956,2188,0.8181818181818182,False
4956,3453,0.7272727272727273,True
4956,2439,0.6363636363636364,False
4956,2208,0.5454545454545454,True
4956,907,0.45454545454545453,False
4956,2188,0.36363636363636365,False
4956,3054,0.2727272727272727,False
4956,3678,0.18181818181818182,True
4956,2067,0.09090909090909091,False
5521,3453,0.9090909090909091,True
5521,3453,0.8181818181818182,True
5521,2188,0.7272727272727273,False
5521,2188,0.6363636363636364,False
5521,2208,0.5454545454545454,True
5521,2439,0.45454545454545453,False
5521,2208,0.36363636363636365,True
5521,2439,0.2727272727272727,False
5521,907,0.18181818181818182,False
5521,907,0.09090909090909091,False
1376,3453,0.9090909090909091,True
1376,2188,0.8181818181818182,False
1376,3453,0.7272727272727273,True
1376,2439,0.6363636363636364,False
1376,2208,0.5454545454545454,True
1376,907,0.45454545454545453,False
1376,3054,0.36363636363636365,False
1376,3678,0.2727272727272727,True
1376,2188,0.18181818181818182,False
1376,2067,0.09090909090909091,False
1156,3453,0.9090909090909091,True
1156,2188,0.8181818181818182,False
1156,2208,0.7272727272727273,True
1156,2439,0.6363636363636364,False
1156,907,0.5454545454545454,False
1156,3678,0.45454545454545453,True
1156,3054,0.36363636363636365,False
1156,1812,0.2727272727272727,True
1156,2067,0.18181818181818182,False
1156,1672,0.09090909090909091,False
1194,3453,0.9090909090909091,True
1194,2188,0.8181818181818182,False
1194,3453,0.7272727272727273,True
1194,2439,0.6363636363636364,False
1194,2208,0.5454545454545454,True
1194,907,0.45454545454545453,False
1194,3054,0.36363636363636365,False
1194,3678,0.2727272727272727,True
1194,2188,0.18181818181818182,False
1194,2067,0.09090909090909091,False
544,3453,0.9090909090909091,True
544,3453,0.8181818181818182,True
544,2188,0.7272727272727273,False
544,2188,0.6363636363636364,False
544,2208,0.5454545454545454,True
544,2439,0.45454545454545453,False
544,907,0.36363636363636365,False
544,3678,0.2727272727272727,True
544,3054,0.18181818181818182,False
544,1812,0.09090909090909091,True
2926,3453,0.9090909090909091,True
2926,3453,0.8181818181818182,True
2926,2188,0.7272727272727273,False
2926,2188,0.6363636363636364,False
2926,2208,0.5454545454545454,True
2926,2439,0.45454545454545453,False
2926,907,0.36363636363636365,False
2926,3678,0.2727272727272727,True
2926,2208,0.18181818181818182,True
2926,3054,0.09090909090909091,False
2070,3453,0.9090909090909091,True
2070,2188,0.8181818181818182,False
2070,2208,0.7272727272727273,True
2070,2439,0.6363636363636364,False
2070,907,0.5454545454545454,False
2070,3678,0.45454545454545453,True
2070,3054,0.36363636363636365,False
2070,1812,0.2727272727272727,True
2070,2067,0.18181818181818182,False
2070,1672,0.09090909090909091,False
5716,3453,0.9090909090909091,True
5716,3453,0.8181818181818182,True
5716,2188,0.7272727272727273,False
5716,2188,0.6363636363636364,False
5716,2208,0.5454545454545454,True
5716,2439,0.45454545454545453,False
5716,2208,0.36363636363636365,True
5716,2439,0.2727272727272727,False
5716,907,0.18181818181818182,False
5716,3054,0.09090909090909091,False
1978,3453,0.9090909090909091,True
1978,3453,0.8181818181818182,True
1978,2188,0.7272727272727273,False
1978,2188,0.6363636363636364,False
1978,2208,0.5454545454545454,True
1978,2439,0.45454545454545453,False
1978,2208,0.36363636363636365,True
1978,2439,0.2727272727272727,False
1978,907,0.18181818181818182,False
1978,3054,0.09090909090909091,False
1582,3453,0.9090909090909091,True
1582,2188,0.8181818181818182,False
1582,2208,0.7272727272727273,True
1582,2439,0.6363636363636364,False
1582,907,0.5454545454545454,False
1582,3678,0.45454545454545453,True
1582,3054,0.36363636363636365,False
1582,1812,0.2727272727272727,True
1582,2067,0.18181818181818182,False
1582,1672,0.09090909090909091,False
2904,3453,0.9090909090909091,True
2904,2188,0.8181818181818182,False
2904,2208,0.7272727272727273,True
2904,2439,0.6363636363636364,False
2904,907,0.5454545454545454,False
2904,3678,0.45454545454545453,True
2904,3054,0.36363636363636365,False
2904,1812,0.2727272727272727,True
2904,2067,0.18181818181818182,False
2904,1672,0.09090909090909091,False
440,3453,0.9090909090909091,True
440,2188,0.8181818181818182,False
440,3453,0.7272727272727273,True
440,2208,0.6363636363636364,True
440,2439,0.5454545454545454,False
440,2188,0.45454545454545453,False
440,907,0.36363636363636365,False
440,3678,0.2727272727272727,True
440,3054,0.18181818181818182,False
440,1812,0.09090909090909091,True
5449,3453,0.9090909090909091,True
5449,2188,0.8181818181818182,False
5449,2208,0.7272727272727273,True
5449,2439,0.6363636363636364,False
5449,907,0.5454545454545454,False
5449,3678,0.45454545454545453,True
5449,3054,0.36363636363636365,False
5449,1812,0.2727272727272727,True
5449,2067,0.18181818181818182,False
5449,1672,0.09090909090909091,False
887,3453,0.9090909090909091,True
887,2188,0.8181818181818182,False
887,3453,0.7272727272727273,True
887,2208,0.6363636363636364,True
887,2439,0.5454545454545454,False
887,907,0.45454545454545453,False
887,3678,0.36363636363636365,True
887,3054,0.2727272727272727,False
887,1812,0.18181818181818182,True
887,2067,0.09090909090909091,False
3587,3453,0.9090909090909091,True
3587,2188,0.8181818181818182,False
3587,2208,0.7272727272727273,True
3587,3453,0.6363636363636364,True
3587,2439,0.5454545454545454,False
3587,907,0.45454545454545453,False
3587,3678,0.36363636363636365,True
3587,3054,0.2727272727272727,False
3587,1812,0.18181818181818182,True
3587,2067,0.09090909090909091,False
1822,3453,0.9090909090909091,True
1822,2188,0.8181818181818182,False
1822,2208,0.7272727272727273,True
1822,2439,0.6363636363636364,False
1822,907,0.5454545454545454,False
1822,3678,0.45454545454545453,True
1822,3054,0.36363636363636365,False
1822,1812,0.2727272727272727,True
1822,2067,0.18181818181818182,False
1822,1672,0.09090909090909091,False
1393,3453,0.9090909090909091,True
1393,2188,0.8181818181818182,False
1393,2208,0.7272727272727273,True
1393,2439,0.6363636363636364,False
1393,3453,0.5454545454545454,True
1393,3678,0.45454545454545453,True
1393,907,0.36363636363636365,False
1393,3054,0.2727272727272727,False
1393,1812,0.18181818181818182,True
1393,2067,0.09090909090909091,False
3863,3453,0.9090909090909091,True
3863,2188,0.8181818181818182,False
3863,3453,0.7272727272727273,True
3863,2208,0.6363636363636364,True
3863,2439,0.5454545454545454,False
3863,907,0.45454545454545453,False
3863,2188,0.36363636363636365,False
3863,3054,0.2727272727272727,False
3863,3678,0.18181818181818182,True
3863,2067,0.09090909090909091,False
2635,3453,0.9090909090909091,True
2635,2188,0.8181818181818182,False
2635,2208,0.7272727272727273,True
2635,2439,0.6363636363636364,False
2635,907,0.5454545454545454,False
2635,3678,0.45454545454545453,True
2635,3054,0.36363636363636365,False
2635,1812,0.2727272727272727,True
2635,2067,0.18181818181818182,False
2635,1672,0.09090909090909091,False
1095,3453,0.9090909090909091,True
1095,2188,0.8181818181818182,False
1095,3453,0.7272727272727273,True
1095,2208,0.6363636363636364,True
1095,2439,0.5454545454545454,False
1095,907,0.45454545454545453,False
1095,3678,0.36363636363636365,True
1095,3054,0.2727272727272727,False
1095,1812,0.18181818181818182,True
1095,2067,0.09090909090909091,False
4178,3453,0.9090909090909091,True
4178,2188,0.8181818181818182,False
4178,3453,0.7272727272727273,True
4178,2208,0.6363636363636364,True
4178,2188,0.5454545454545454,False
4178,2439,0.45454545454545453,False
4178,907,0.36363636363636365,False
4178,3678,0.2727272727272727,True
4178,3054,0.18181818181818182,False
4178,1812,0.09090909090909091,True
4521,3453,0.9090909090909091,True
4521,2188,0.8181818181818182,False
4521,2208,0.7272727272727273,True
4521,2439,0.6363636363636364,False
4521,907,0.5454545454545454,False
4521,3678,0.45454545454545453,True
4521,3054,0.36363636363636365,False
4521,3453,0.2727272727272727,True
4521,1812,0.18181818181818182,True
4521,2067,0.09090909090909091,False
4600,3453,0.9090909090909091,True
4600,2188,0.8181818181818182,False
4600,2208,0.7272727272727273,True
4600,2439,0.6363636363636364,False
4600,3453,0.5454545454545454,True
4600,907,0.45454545454545453,False
4600,3678,0.36363636363636365,True
4600,3054,0.2727272727272727,False
4600,1812,0.18181818181818182,True
4600,2067,0.09090909090909091,False
4242,3453,0.9090909090909091,True
4242,2188,0.8181818181818182,False
4242,2208,0.7272727272727273,True
4242,2439,0.6363636363636364,False
4242,907,0.5454545454545454,False
4242,3678,0.45454545454545453,True
4242,3054,0.36363636363636365,False
4242,1812,0.2727272727272727,True
4242,2067,0.18181818181818182,False
4242,1672,0.09090909090909091,False
1497,3453,0.9090909090909091,True
1497,3453,0.8181818181818182,True
1497,2188,0.7272727272727273,False
1497,2188,0.6363636363636364,False
1497,2208,0.5454545454545454,True
1497,2439,0.45454545454545453,False
1497,2208,0.36363636363636365,True
1497,907,0.2727272727272727,False
1497,2439,0.18181818181818182,False
1497,3678,0.09090909090909091,True
5673,3453,0.9090909090909091,True
5673,2188,0.8181818181818182,False
5673,2208,0.7272727272727273,True
5673,2439,0.6363636363636364,False
5673,907,0.5454545454545454,False
5673,3678,0.45454545454545453,True
5673,3054,0.36363636363636365,False
5673,1812,0.2727272727272727,True
5673,2067,0.18181818181818182,False
5673,1672,0.09090909090909091,False
5758,3453,0.9090909090909091,True
5758,2188,0.8181818181818182,False
5758,3453,0.7272727272727273,True
5758,2208,0.6363636363636364,True
5758,2439,0.5454545454545454,False
5758,2188,0.45454545454545453,False
5758,907,0.36363636363636365,False
5758,3678,0.2727272727272727,True
5758,3054,0.18181818181818182,False
5758,2067,0.09090909090909091,False
4492,3453,0.9090909090909091,True
4492,2188,0.8181818181818182,False
4492,3453,0.7272727272727273,True
4492,2188,0.6363636363636364,False
4492,2439,0.5454545454545454,False
4492,2208,0.45454545454545453,True
4492,907,0.36363636363636365,False
4492,3054,0.2727272727272727,False
4492,3678,0.18181818181818182,True
4492,2067,0.09090909090909091,False
5551,3453,0.9090909090909091,True
5551,2188,0.8181818181818182,False
5551,2208,0.7272727272727273,True
5551,2439,0.6363636363636364,False
5551,907,0.5454545454545454,False
5551,3678,0.45454545454545453,True
5551,3054,0.36363636363636365,False
5551,1812,0.2727272727272727,True
5551,2067,0.18181818181818182,False
5551,1672,0.09090909090909091,False
3698,3453,0.9090909090909091,True
3698,2188,0.8181818181818182,False
3698,2208,0.7272727272727273,True
3698,2439,0.6363636363636364,False
3698,907,0.5454545454545454,False
3698,3678,0.45454545454545453,True
3698,3054,0.36363636363636365,False
3698,3453,0.2727272727272727,True
3698,1812,0.18181818181818182,True
3698,2067,0.09090909090909091,False
814,3453,0.9090909090909091,True
814,2188,0.8181818181818182,False
814,2208,0.7272727272727273,True
814,2439,0.6363636363636364,False
814,3453,0.5454545454545454,True
814,907,0.45454545454545453,False
814,3678,0.36363636363636365,True
814,3054,0.2727272727272727,False
814,1812,0.18181818181818182,True
814,2067,0.09090909090909091,False
889,3453,0.9090909090909091,True
889,3453,0.8181818181818182,True
889,2188,0.7272727272727273,False
889,2188,0.6363636363636364,False
889,2208,0.5454545454545454,True
889,2208,0.45454545454545453,True
889,2439,0.36363636363636365,False
889,2439,0.2727272727272727,False
889,907,0.18181818181818182,False
889,907,0.09090909090909091,False
496,3453,0.9090909090909091,True
496,2188,0.8181818181818182,False
496,2208,0.7272727272727273,True
496,2439,0.6363636363636364,False
496,907,0.5454545454545454,False
496,3678,0.45454545454545453,True
496,3054,0.36363636363636365,False
496,1812,0.2727272727272727,True
496,2067,0.18181818181818182,False
496,1672,0.09090909090909091,False
319,3453,0.9090909090909091,True
319,2188,0.8181818181818182,False
319,2208,0.7272727272727273,True
319,2439,0.6363636363636364,False
319,907,0.5454545454545454,False
319,3678,0.45454545454545453,True
319,3054,0.36363636363636365,False
319,1812,0.2727272727272727,True
319,2067,0.18181818181818182,False
319,1672,0.09090909090909091,False
4997,3453,0.9090909090909091,True
4997,2188,0.8181818181818182,False
4997,2208,0.7272727272727273,True
4997,2439,0.6363636363636364,False
4997,907,0.5454545454545454,False
4997,3453,0.45454545454545453,True
4997,3678,0.36363636363636365,True
4997,3054,0.2727272727272727,False
4997,1812,0.18181818181818182,True
4997,2067,0.09090909090909091,False
4532,3453,0.9090909090909091,True
4532,2188,0.8181818181818182,False
4532,2208,0.7272727272727273,True
4532,2439,0.6363636363636364,False
4532,907,0.5454545454545454,False
4532,3678,0.45454545454545453,True
4532,3054,0.36363636363636365,False
4532,1812,0.2727272727272727,True
4532,2067,0.18181818181818182,False
4532,1672,0.09090909090909091,False
4508,3453,0.9090909090909091,True
4508,2188,0.8181818181818182,False
4508,2208,0.7272727272727273,True
4508,2439,0.6363636363636364,False
4508,907,0.5454545454545454,False
4508,3678,0.45454545454545453,True
4508,3054,0.36363636363636365,False
4508,3453,0.2727272727272727,True
4508,1812,0.18181818181818182,True
4508,2067,0.09090909090909091,False
4857,3453,0.9090909090909091,True
4857,3453,0.8181818181818182,True
4857,2188,0.7272727272727273,False
4857,2188,0.6363636363636364,False
4857,2208,0.5454545454545454,True
4857,2439,0.45454545454545453,False
4857,907,0.36363636363636365,False
4857,3678,0.2727272727272727,True
4857,3054,0.18181818181818182,False
4857,2208,0.09090909090909091,True
4867,3453,0.9090909090909091,True
4867,2188,0.8181818181818182,False
4867,2208,0.7272727272727273,True
4867,2439,0.6363636363636364,False
4867,907,0.5454545454545454,False
4867,3678,0.45454545454545453,True
4867,3054,0.36363636363636365,False
4867,1812,0.2727272727272727,True
4867,2067,0.18181818181818182,False
4867,1672,0.09090909090909091,False
5652,3453,0.9090909090909091,True
5652,2188,0.8181818181818182,False
5652,3453,0.7272727272727273,True
5652,2188,0.6363636363636364,False
5652,2208,0.5454545454545454,True
5652,2439,0.45454545454545453,False
5652,907,0.36363636363636365,False
5652,3054,0.2727272727272727,False
5652,3678,0.18181818181818182,True
5652,2067,0.09090909090909091,False
2613,3453,0.9090909090909091,True
2613,2188,0.8181818181818182,False
2613,2208,0.7272727272727273,True
2613,2439,0.6363636363636364,False
2613,907,0.5454545454545454,False
2613,3678,0.45454545454545453,True
2613,3054,0.36363636363636365,False
2613,3453,0.2727272727272727,True
2613,1812,0.18181818181818182,True
2613,2067,0.09090909090909091,False
3428,3453,0.9090909090909091,True
3428,3453,0.8181818181818182,True
3428,2188,0.7272727272727273,False
3428,2188,0.6363636363636364,False
3428,2208,0.5454545454545454,True
3428,2439,0.45454545454545453,False
3428,907,0.36363636363636365,False
3428,2208,0.2727272727272727,True
3428,3678,0.18181818181818182,True
3428,2439,0.09090909090909091,False
3402,3453,0.9090909090909091,True
3402,2188,0.8181818181818182,False
3402,2208,0.7272727272727273,True
3402,2439,0.6363636363636364,False
3402,907,0.5454545454545454,False
3402,3678,0.45454545454545453,True
3402,3054,0.36363636363636365,False
3402,1812,0.2727272727272727,True
3402,2067,0.18181818181818182,False
3402,1672,0.09090909090909091,False
3442,3453,0.9090909090909091,True
3442,2188,0.8181818181818182,False
3442,2208,0.7272727272727273,True
3442,2439,0.6363636363636364,False
3442,907,0.5454545454545454,False
3442,3678,0.45454545454545453,True
3442,3054,0.36363636363636365,False
3442,1812,0.2727272727272727,True
3442,2067,0.18181818181818182,False
3442,1672,0.09090909090909091,False
370,3453,0.9090909090909091,True
370,2188,0.8181818181818182,False
370,2208,0.7272727272727273,True
370,2439,0.6363636363636364,False
370,3453,0.5454545454545454,True
370,907,0.45454545454545453,False
370,3678,0.36363636363636365,True
370,3054,0.2727272727272727,False
370,1812,0.18181818181818182,True
370,2067,0.09090909090909091,False
4822,3453,0.9090909090909091,True
4822,2188,0.8181818181818182,False
4822,2208,0.7272727272727273,True
4822,2439,0.6363636363636364,False
4822,3453,0.5454545454545454,True
4822,907,0.45454545454545453,False
4822,3678,0.36363636363636365,True
4822,3054,0.2727272727272727,False
4822,1812,0.18181818181818182,True
4822,2067,0.09090909090909091,False
1470,3453,0.9090909090909091,True
1470,2188,0.8181818181818182,False
1470,3453,0.7272727272727273,True
1470,2188,0.6363636363636364,False
1470,2208,0.5454545454545454,True
1470,2439,0.45454545454545453,False
1470,907,0.36363636363636365,False
1470,3678,0.2727272727272727,True
1470,3054,0.18181818181818182,False
1470,1812,0.09090909090909091,True
3702,3453,0.9090909090909091,True
3702,2188,0.8181818181818182,False
3702,2208,0.7272727272727273,True
3702,2439,0.6363636363636364,False
3702,3678,0.5454545454545454,True
3702,907,0.45454545454545453,False
3702,3054,0.36363636363636365,False
3702,1812,0.2727272727272727,True
3702,2067,0.18181818181818182,False
3702,1672,0.09090909090909091,False
1174,3453,0.9090909090909091,True
1174,2188,0.8181818181818182,False
1174,2208,0.7272727272727273,True
1174,2439,0.6363636363636364,False
1174,907,0.5454545454545454,False
1174,3678,0.45454545454545453,True
1174,3054,0.36363636363636365,False
1174,1812,0.2727272727272727,True
1174,2067,0.18181818181818182,False
1174,1672,0.09090909090909091,False
2280,3453,0.9090909090909091,True
2280,2188,0.8181818181818182,False
2280,2208,0.7272727272727273,True
2280,2439,0.6363636363636364,False
2280,907,0.5454545454545454,False
2280,3678,0.45454545454545453,True
2280,3054,0.36363636363636365,False
2280,1812,0.2727272727272727,True
2280,2067,0.18181818181818182,False
2280,1672,0.09090909090909091,False
267,3453,0.9090909090909091,True
267,3453,0.8181818181818182,True
267,2188,0.7272727272727273,False
267,2188,0.6363636363636364,False
267,2208,0.5454545454545454,True
267,2439,0.45454545454545453,False
267,2208,0.36363636363636365,True
267,907,0.2727272727272727,False
267,3678,0.18181818181818182,True
267,2439,0.09090909090909091,False
4810,3453,0.9090909090909091,True
4810,2188,0.8181818181818182,False
4810,2208,0.7272727272727273,True
4810,2439,0.6363636363636364,False
4810,907,0.5454545454545454,False
4810,3678,0.45454545454545453,True
4810,3054,0.36363636363636365,False
4810,1812,0.2727272727272727,True
4810,2067,0.18181818181818182,False
4810,1672,0.09090909090909091,False
4039,3453,0.9090909090909091,True
4039,2188,0.8181818181818182,False
4039,3453,0.7272727272727273,True
4039,2188,0.6363636363636364,False
4039,2208,0.5454545454545454,True
4039,2439,0.45454545454545453,False
4039,907,0.36363636363636365,False
4039,3054,0.2727272727272727,False
4039,3678,0.18181818181818182,True
4039,2067,0.09090909090909091,False
3631,3453,0.9090909090909091,True
3631,2188,0.8181818181818182,False
3631,2208,0.7272727272727273,True
3631,2439,0.6363636363636364,False
3631,3453,0.5454545454545454,True
3631,907,0.45454545454545453,False
3631,3678,0.36363636363636365,True
3631,3054,0.2727272727272727,False
3631,1812,0.18181818181818182,True
3631,2067,0.09090909090909091,False
1308,3453,0.9090909090909091,True
1308,2188,0.8181818181818182,False
1308,2208,0.7272727272727273,True
1308,2439,0.6363636363636364,False
1308,907,0.5454545454545454,False
1308,3678,0.45454545454545453,True
1308,3054,0.36363636363636365,False
1308,1812,0.2727272727272727,True
1308,2067,0.18181818181818182,False
1308,1672,0.09090909090909091,False
4037,3453,0.9090909090909091,True
4037,2188,0.8181818181818182,False
4037,2208,0.7272727272727273,True
4037,2439,0.6363636363636364,False
4037,907,0.5454545454545454,False
4037,3678,0.45454545454545453,True
4037,3054,0.36363636363636365,False
4037,1812,0.2727272727272727,True
4037,2067,0.18181818181818182,False
4037,1672,0.09090909090909091,False
2655,3453,0.9090909090909091,True
2655,2188,0.8181818181818182,False
2655,2208,0.7272727272727273,True
2655,2439,0.6363636363636364,False
2655,907,0.5454545454545454,False
2655,3678,0.45454545454545453,True
2655,3054,0.36363636363636365,False
2655,1812,0.2727272727272727,True
2655,2067,0.18181818181818182,False
2655,3453,0.09090909090909091,True
5380,3453,0.9090909090909091,True
5380,2188,0.8181818181818182,False
5380,2208,0.7272727272727273,True
5380,2439,0.6363636363636364,False
5380,907,0.5454545454545454,False
5380,3678,0.45454545454545453,True
5380,3054,0.36363636363636365,False
5380,1812,0.2727272727272727,True
5380,2067,0.18181818181818182,False
5380,1672,0.09090909090909091,False
5435,3453,0.9090909090909091,True
5435,2188,0.8181818181818182,False
5435,3453,0.7272727272727273,True
5435,2208,0.6363636363636364,True
5435,2439,0.5454545454545454,False
5435,907,0.45454545454545453,False
5435,2188,0.36363636363636365,False
5435,3678,0.2727272727272727,True
5435,3054,0.18181818181818182,False
5435,1812,0.09090909090909091,True
5933,3453,0.9090909090909091,True
5933,3453,0.8181818181818182,True
5933,2188,0.7272727272727273,False
5933,2188,0.6363636363636364,False
5933,2208,0.5454545454545454,True
5933,2439,0.45454545454545453,False
5933,2208,0.36363636363636365,True
5933,2439,0.2727272727272727,False
5933,907,0.18181818181818182,False
5933,3678,0.09090909090909091,True
3677,3453,0.9090909090909091,True
3677,2188,0.8181818181818182,False
3677,2208,0.7272727272727273,True
3677,2439,0.6363636363636364,False
3677,907,0.5454545454545454,False
3677,3678,0.45454545454545453,True
3677,3054,0.36363636363636365,False
3677,1812,0.2727272727272727,True
3677,2067,0.18181818181818182,False
3677,1672,0.09090909090909091,False
3199,3453,0.9090909090909091,True
3199,2188,0.8181818181818182,False
3199,3453,0.7272727272727273,True
3199,2208,0.6363636363636364,True
3199,2439,0.5454545454545454,False
3199,2188,0.45454545454545453,False
3199,907,0.36363636363636365,False
3199,3678,0.2727272727272727,True
3199,3054,0.18181818181818182,False
3199,1812,0.09090909090909091,True
4227,3453,0.9090909090909091,True
4227,2188,0.8181818181818182,False
4227,2208,0.7272727272727273,True
4227,2439,0.6363636363636364,False
4227,907,0.5454545454545454,False
4227,3678,0.45454545454545453,True
4227,3054,0.36363636363636365,False
4227,1812,0.2727272727272727,True
4227,2067,0.18181818181818182,False
4227,1672,0.09090909090909091,False
4244,3453,0.9090909090909091,True
4244,2188,0.8181818181818182,False
4244,2208,0.7272727272727273,True
4244,2439,0.6363636363636364,False
4244,3453,0.5454545454545454,True
4244,907,0.45454545454545453,False
4244,3678,0.36363636363636365,True
4244,3054,0.2727272727272727,False
4244,1812,0.18181818181818182,True
4244,2067,0.09090909090909091,False
1854,3453,0.9090909090909091,True
1854,2188,0.8181818181818182,False
1854,2208,0.7272727272727273,True
1854,2439,0.6363636363636364,False
1854,907,0.5454545454545454,False
1854,3678,0.45454545454545453,True
1854,3054,0.36363636363636365,False
1854,3453,0.2727272727272727,True
1854,1812,0.18181818181818182,True
1854,2067,0.09090909090909091,False
121,3453,0.9090909090909091,True
121,2188,0.8181818181818182,False
121,2208,0.7272727272727273,True
121,2439,0.6363636363636364,False
121,907,0.5454545454545454,False
121,3678,0.45454545454545453,True
121,3054,0.36363636363636365,False
121,1812,0.2727272727272727,True
121,2067,0.18181818181818182,False
121,1672,0.09090909090909091,False
3846,3453,0.9090909090909091,True
3846,2188,0.8181818181818182,False
3846,2208,0.7272727272727273,True
3846,2439,0.6363636363636364,False
3846,907,0.5454545454545454,False
3846,3678,0.45454545454545453,True
3846,3054,0.36363636363636365,False
3846,1812,0.2727272727272727,True
3846,2067,0.18181818181818182,False
3846,1672,0.09090909090909091,False
876,3453,0.9090909090909091,True
876,2188,0.8181818181818182,False
876,2208,0.7272727272727273,True
876,2439,0.6363636363636364,False
876,907,0.5454545454545454,False
876,3678,0.45454545454545453,True
876,3054,0.36363636363636365,False
876,1812,0.2727272727272727,True
876,2067,0.18181818181818182,False
876,3453,0.09090909090909091,True
2154,3453,0.9090909090909091,True
2154,2188,0.8181818181818182,False
2154,2208,0.7272727272727273,True
2154,2439,0.6363636363636364,False
2154,907,0.5454545454545454,False
2154,3678,0.45454545454545453,True
2154,3054,0.36363636363636365,False
2154,1812,0.2727272727272727,True
2154,2067,0.18181818181818182,False
2154,1672,0.09090909090909091,False
1354,3453,0.9090909090909091,True
1354,2188,0.8181818181818182,False
1354,3453,0.7272727272727273,True
1354,2188,0.6363636363636364,False
1354,2208,0.5454545454545454,True
1354,2439,0.45454545454545453,False
1354,907,0.36363636363636365,False
1354,3054,0.2727272727272727,False
1354,3678,0.18181818181818182,True
1354,2067,0.09090909090909091,False
697,3453,0.9090909090909091,True
697,3453,0.8181818181818182,True
697,2188,0.7272727272727273,False
697,2188,0.6363636363636364,False
697,2208,0.5454545454545454,True
697,2208,0.45454545454545453,True
697,2439,0.36363636363636365,False
697,2439,0.2727272727272727,False
697,907,0.18181818181818182,False
697,3678,0.09090909090909091,True
2212,3453,0.9090909090909091,True
2212,2188,0.8181818181818182,False
2212,2208,0.7272727272727273,True
2212,2439,0.6363636363636364,False
2212,907,0.5454545454545454,False
2212,3678,0.45454545454545453,True
2212,3054,0.36363636363636365,False
2212,1812,0.2727272727272727,True
2212,2067,0.18181818181818182,False
2212,1672,0.09090909090909091,False
2933,3453,0.9090909090909091,True
2933,2188,0.8181818181818182,False
2933,3453,0.7272727272727273,True
2933,2208,0.6363636363636364,True
2933,2439,0.5454545454545454,False
2933,2188,0.45454545454545453,False
2933,907,0.36363636363636365,False
2933,3054,0.2727272727272727,False
2933,3678,0.18181818181818182,True
2933,2067,0.09090909090909091,False
1522,3453,0.9090909090909091,True
1522,3453,0.8181818181818182,True
1522,2188,0.7272727272727273,False
1522,2188,0.6363636363636364,False
1522,2439,0.5454545454545454,False
1522,2208,0.45454545454545453,True
1522,2208,0.36363636363636365,True
1522,2439,0.2727272727272727,False
1522,907,0.18181818181818182,False
1522,907,0.09090909090909091,False
2031,3453,0.9090909090909091,True
2031,2188,0.8181818181818182,False
2031,2208,0.7272727272727273,True
2031,2439,0.6363636363636364,False
2031,907,0.5454545454545454,False
2031,3678,0.45454545454545453,True
2031,3054,0.36363636363636365,False
2031,1812,0.2727272727272727,True
2031,2067,0.18181818181818182,False
2031,1672,0.09090909090909091,False
1845,3453,0.9090909090909091,True
1845,2188,0.8181818181818182,False
1845,2208,0.7272727272727273,True
1845,2439,0.6363636363636364,False
1845,3453,0.5454545454545454,True
1845,907,0.45454545454545453,False
1845,3678,0.36363636363636365,True
1845,3054,0.2727272727272727,False
1845,1812,0.18181818181818182,True
1845,2067,0.09090909090909091,False
63,3453,0.9090909090909091,True
63,2188,0.8181818181818182,False
63,2208,0.7272727272727273,True
63,2439,0.6363636363636364,False
63,907,0.5454545454545454,False
63,3678,0.45454545454545453,True
63,3054,0.36363636363636365,False
63,1812,0.2727272727272727,True
63,2067,0.18181818181818182,False
63,1672,0.09090909090909091,False
1508,3453,0.9090909090909091,True
1508,3453,0.8181818181818182,True
1508,2188,0.7272727272727273,False
1508,2188,0.6363636363636364,False
1508,2208,0.5454545454545454,True
1508,2439,0.45454545454545453,False
1508,907,0.36363636363636365,False
1508,3678,0.2727272727272727,True
1508,3054,0.18181818181818182,False
1508,2208,0.09090909090909091,True
