1.5022268179694307e-08,4.9183235685918675e-08,1.7181973791861365e-07,1.4082664483010372e-06,0.9999964534944169,9.168224235341657e-07,2.698421792395197e-07,1.4091833370379188e-07,9.182866859272805e-08,6.883137024962713e-08,5.135932436118288e-08,3.882117962742855e-08,3.08237622744556e-08,2.580275492310903e-08,2.2378282465365004e-08,1.9848718034065657e-08,1.7907344921853068e-08,1.6361447680741937e-08,1.5130283782624934e-08,1.4111263028140634e-08,1.3264077206647207e-08,1.2530562664682003e-08,1.16749738624613e-08,1.0911995893805227e-08,1.0243341421260888e-08,9.591531649274655e-09,8.946201229168189e-09,8.388342824655804e-09,7.910849989599058e-09,7.499748208796226e-09,7.136487821456301e-09,6.813108506833048e-09,6.52451379900252e-09,6.263315737390263e-09,6.026677592374256e-09,5.811055782104896e-09,5.613210955191196e-09,5.423002070168117e-09,5.2512583587065845e-09,5.093553463700674e-09
0.9999997460983996,4.7939456016027084e-08,2.2814785717655296e-08,1.591781341391397e-08,1.2614643679402896e-08,1.0642777190356914e-08,9.313941115806428e-09,8.349902421933064e-09,7.618674586609621e-09,7.062848442844329e-09,6.548948525147644e-09,6.0710706292766594e-09,5.658089548384147e-09,5.320400731001679e-09,5.040098536512486e-09,4.800397554259056e-09,4.593211616888007e-09,4.411274339797623e-09,4.2527994522984635e-09,4.11194142255812e-09,3.986996992892372e-09,3.873389838556184e-09,3.7430064660101804e-09,3.6199674877744925e-09,3.5057662942870002e-09,3.3902457429080936e-09,3.271077288466064e-09,3.161540251385224e-09,3.062227248772077e-09,2.9721771988804548e-09,2.8890227402464082e-09,2.8119839353743227e-09,2.74065064577455e-09,2.67393135970322e-09,2.6115953206586895e-09,2.553157994018758e-09,2.4981245193220137e-09,2.4441773711333018e-09,2.3941602270879838e-09,2.347174437060281e-09
6.389136962935966e-09,1.4824990056442881e-08,2.985846207005061e-08,6.077422875437886e-08,1.362059516880485e-07,4.111585389714864e-07,2.575552323432193e-06,0.9999932003471641,1.936994224295917e-06,6.893511148562833e-07,2.5004668904888746e-07,1.220608504204713e-07,7.707616086355219e-08,5.694542665688588e-08,4.5629532670624163e-08,3.822568694010264e-08,3.301976377516825e-08,2.9141904510122978e-08,2.62285232003841e-08,2.3917991872334275e-08,2.2067674132339615e-08,2.050599439051083e-08,1.8642975305683803e-08,1.7038111821586406e-08,1.568082535660518e-08,1.4385559719926079e-08,1.3134249933873485e-08,1.2092335954041962e-08,1.1229816638457618e-08,1.0508286662211264e-08,9.885505786285327e-09,9.342407056891101e-09,8.86663743900236e-09,8.442873829225903e-09,8.064587963331405e-09,7.724443246835295e-09,7.416008039773424e-09,7.121871965317952e-09,6.859512446432106e-09,6.62104825233995e-09
1.1292458755192733e-07,0.9999990361370216,3.3384427324988866e-07,1.0599161030452598e-07,5.990179761281285e-08,4.1319902744269677e-08,3.151378931239256e-08,2.553659751554043e-08,2.156710034031752e-08,1.888378580023868e-08,1.6507975336128716e-08,1.4431811227278118e-08,1.2786254516408125e-08,1.1551787935364138e-08,1.0595944376705236e-08,9.821987693708772e-09,9.183285064772345e-09,8.643905156509109e-09,8.191136714927306e-09,7.800584682915843e-09,7.463697049485105e-09,7.163855429482249e-09,6.8172322156365735e-09,6.49797567673471e-09,6.208894590737466e-09,5.92106895699843e-09,5.62932183472891e-09,5.368309910619088e-09,5.13771047406207e-09,4.933510094195326e-09,4.748750272131455e-09,4.580745002756199e-09,4.4278686207329755e-09,4.287105149764482e-09,4.157522651609471e-09,4.037705778530841e-09,3.926291188215726e-09,3.818125025814772e-09,3.7191301787112143e-09,3.627176788970633e-09
1.4459989698144846e-09,2.869385370773366e-09,4.6674675111471445e-09,7.002126045736484e-09,1.0089121178892135e-08,1.4287129021550152e-08,2.0222054214343862e-08,2.904715030688074e-08,4.331548720864863e-08,7.134201096877869e-08,1.2272877666858263e-07,2.0262365494349305e-07,3.1601399019852896e-07,5.287261283775919e-07,1.0910578032852603e-06,3.87997403808138e-06,0.3333288708629524,0.33333003201200573,0.3333270672944434,3.929653043721104e-06,1.6908942895787273e-06,9.056018499057683e-07,3.3084617626693425e-07,1.8717941115855085e-07,1.281502641578651e-07,9.090182281174449e-08,6.617236540930987e-08,5.196519156120331e-08,4.30016100636185e-08,3.6882800025411196e-08,3.2335386269333146e-08,2.882333353162326e-08,2.604593670919534e-08,2.377005247177187e-08,2.1883565907497818e-08,2.0291747745754822e-08,1.892429658878115e-08,1.7664889164042043e-08,1.660241524191508e-08,1.567927440019533e-08
4.311100232561394e-08,6.184438470786847e-07,0.9999981921163102,4.842043838137255e-07,1.5230704127120942e-07,8.362525489919984e-08,5.6211470872931526e-08,4.1996564310280836e-08,3.353132733256664e-08,2.827045157291147e-08,2.3787132225032218e-08,2.004934129621086e-08,1.7246949915946918e-08,1.5245501215375242e-08,1.3752225414568671e-08,1.2576445786780862e-08,1.1627955314450121e-08,1.0841844770390444e-08,1.0193106250559848e-08,9.641067899256671e-09,9.170692075625278e-09,8.755937391710202e-09,8.275628474428906e-09,7.837993951407115e-09,7.445982753055318e-09,7.058481278978547e-09,6.668813939674586e-09,6.324124019820175e-09,6.0227990121085e-09,5.7584887247431696e-09,5.521263678002433e-09,5.30711649217324e-09,5.113555398309016e-09,4.9363940975783835e-09,4.7742117102888305e-09,4.625021810199932e-09,4.4869470124141045e-09,4.35337048340346e-09,4.231700170073345e-09,4.11914273349554e-09
7.030670662844053e-10,1.4792738454663186e-09,2.3778373299103775e-09,3.4442361173919018e-09,4.719820693739766e-09,6.259362237914683e-09,8.140320808071946e-09,1.0476385408078381e-08,1.3455345190638175e-08,1.7479306279659116e-08,2.2407186703370157e-08,2.79906786154804e-08,3.4428177920030514e-08,4.26526617526208e-08,5.358270354126645e-08,6.824488660335544e-08,8.87548815766871e-08,1.1826149713019491e-07,1.6682203576463922e-07,2.583399917365717e-07,5.235510472990179e-07,4.080284347455814e-06,0.9999893514767093,2.8921566176389556e-06,9.365641620423818e-07,3.708807419582848e-07,1.898874143030092e-07,1.2640364702448422e-07,9.526427537025055e-08,7.700720489692155e-08,6.459593425575393e-08,5.561149956413556e-08,4.8869827672071405e-08,4.3550854450883774e-08,3.928947690789665e-08,3.5793412571742317e-08,3.285596105346656e-08,3.01511095244989e-08,2.7944768290198638e-08,2.6071109314865454e-08
2.3334894064353675e-08,1.088640645641839e-07,9.99159427333562e-07,0.9999973648079695,6.839329641905752e-07,2.0761116624304593e-07,1.109006438190028e-07,7.296366814158232e-08,5.379378031178801e-08,4.316950976342794e-08,3.45456367097166e-08,2.7789073198370823e-08,2.306563867715672e-08,1.9883185265919098e-08,1.76061594751758e-08,1.5867016642933067e-08,1.4497471797968955e-08,1.3384373177987611e-08,1.2481702400353424e-08,1.1724082919309654e-08,1.1086397794468963e-08,1.0529262476147692e-08,9.88217632794808e-09,9.298846681740314e-09,8.781961327134386e-09,8.274585883896052e-09,7.7683265496058e-09,7.325580192736561e-09,6.942581563113333e-09,6.609750083775808e-09,6.313362160784302e-09,6.0476855156877025e-09,5.80909159126113e-09,5.591953861893506e-09,5.3942256471021664e-09,5.213218005873564e-09,5.046433644793426e-09,4.8856044099589695e-09,4.739764288323501e-09,4.605360071136511e-09
1.0678927073823346e-08,2.9388064662244738e-08,7.533350622379086e-08,2.422325102834849e-07,1.8317062215078998e-06,0.9999954726776392,1.1824465803276509e-06,3.367815458667137e-07,1.7584653723452936e-07,1.1889124391442048e-07,7.973590833152875e-08,5.5210296031815435e-08,4.142089534513855e-08,3.3489459328005e-08,2.837174848092196e-08,2.4728558816139833e-08,2.200862726627407e-08,1.988878430599649e-08,1.823206490751462e-08,1.688008124978497e-08,1.5770034628745886e-08,1.4817436779000202e-08,1.369993140166803e-08,1.271440433053388e-08,1.1860481513242013e-08,1.1033894440807841e-08,1.022200253893934e-08,9.5285106961983e-09,8.941304512280927e-09,8.440481213002142e-09,8.001360151356027e-09,7.613119875901306e-09,7.268785186022894e-09,6.9588190206458746e-09,6.679396944270429e-09,6.4259390693379685e-09,6.194318973892554e-09,5.972267958648362e-09,5.7726061146797386e-09,5.58990403937906e-09
5.463689117747271e-10,1.2050250833023095e-09,1.9531952362142153e-09,2.8250198023110506e-09,3.849426447717373e-09,5.062443436413033e-09,6.512625711929863e-09,8.269298623488322e-09,1.044401325740662e-08,1.3265606061823017e-08,1.6627177509529547e-08,2.0406364866694277e-08,2.4751097818487966e-08,3.0199851087956505e-08,3.728024400660892e-08,4.661268253625273e-08,5.9444871345768394e-08,7.771237615701899e-08,1.0644664623350286e-07,1.5580421844255315e-07,2.6969401061552785e-07,7.7947413781142e-07,2.830554679274504e-06,0.49999649087860676,0.4999966914726296,9.962016972806055e-07,3.3047477264665e-07,1.95492418071547e-07,1.3944607072820106e-07,1.0920696639936284e-07,8.951628148187778e-08,7.569361368696258e-08,6.557939541307897e-08,5.773189843791494e-08,5.154293897436183e-08,4.653085223034356e-08,4.236363456123559e-08,3.851696884864986e-08,3.543510950065727e-08,3.284808485589848e-08
5.463689117746806e-10,1.2050250833024006e-09,1.9531952362146202e-09,2.8250198023112615e-09,3.8494264477183006e-09,5.062443436414219e-09,6.5126257119301596e-09,8.269298623489683e-09,1.0444013257403817e-08,1.3265606061912731e-08,1.662717750933069e-08,2.040636486669199e-08,2.4751097818491086e-08,3.019985108796289e-08,3.7280244006643675e-08,4.661268253626237e-08,5.944487134577779e-08,7.77123761570887e-08,1.0644664623335838e-07,1.5580421844312214e-07,2.6969401061665975e-07,7.794741378169947e-07,2.8305546791197244e-06,0.4999965020036465,0.49999668034758993,9.962016972953322e-07,3.304747726462182e-07,1.954924180716513e-07,1.3944607072807382e-07,1.0920696639928354e-07,8.951628148205061e-08,7.569361368689905e-08,6.557939541305257e-08,5.7731898437918665e-08,5.1542938974444914e-08,4.6530852230418353e-08,4.2363634561229145e-08,3.851696884864701e-08,3.543510950066689e-08,3.284808485589027e-08
8.084185506125459e-09,2.0071651720573202e-08,4.421694968889504e-08,1.0432848663118818e-07,3.206102734434373e-07,2.2458336561564955e-06,0.9999944606136884,1.4537621070720709e-06,4.217488471123101e-07,2.387151650880645e-07,1.3292107634316496e-07,8.065375254620642e-08,5.618887632978044e-08,4.358939361492702e-08,3.596581707531532e-08,3.0754757406117575e-08,2.697676423166592e-08,2.4097543839442928e-08,2.1890853788711103e-08,2.01157093394536e-08,1.867637354348235e-08,1.7451716700106164e-08,1.600459083373058e-08,1.474289020495779e-08,1.3662511629553346e-08,1.262410185963488e-08,1.1612437247575371e-08,1.0759019977386959e-08,1.00443874466727e-08,9.440694472317973e-09,8.915495729000333e-09,8.4543269147927e-09,8.047829979881011e-09,7.683852082566044e-09,7.357351719615651e-09,7.0624958269882836e-09,6.79410085670124e-09,6.5374875944896114e-09,6.307683688939699e-09,6.09811405400484e-09
2.176424546276313e-10,6.496719057220455e-10,1.1203692644515684e-09,1.6466815156274235e-09,2.2416585986312947e-09,2.9196187030461467e-09,3.6976682943553133e-09,4.5984521113651475e-09,5.655759605025322e-09,6.933709992193899e-09,8.392057547530622e-09,1.0009265662017649e-08,1.1844825631588137e-08,1.4049628258138243e-08,1.6763001042334703e-08,2.014361915204084e-08,2.44757192639576e-08,3.019299632781652e-08,3.823166317581225e-08,5.018215842380874e-08,7.005726341801586e-08,1.0866539738097917e-07,1.6637051008878292e-07,2.9098624926114977e-07,7.90752264156858e-07,0.999972590782271,1.790678422287658e-05,2.8676166340426115e-06,1.3594821746644181e-06,8.954244908296408e-07,6.268559658908269e-07,4.6199834117124465e-07,3.5750675375905624e-07,2.847792501046806e-07,2.3396053563611464e-07,1.9628608099581006e-07,1.6674201036408113e-07,1.3934808041193993e-07,1.2058608275271382e-07,1.0628915821072923e-07
1.9493380704949657e-10,6.12358115819192e-10,1.0658467737400813e-09,1.5714520146241126e-09,2.1414945648447893e-09,2.7893935131188834e-09,3.53105089320844e-09,4.387377760410066e-09,5.389375467163718e-09,6.595541473592504e-09,7.969046372286951e-09,9.491306590887547e-09,1.1217821617307103e-08,1.3286294568793101e-08,1.582384919619849e-08,1.897520454918233e-08,2.299749547287385e-08,2.8281237871237962e-08,3.5659996375892094e-08,4.653806519912349e-08,6.437613056742432e-08,9.812354934280968e-08,1.4796815109844398e-07,2.526810157077543e-07,6.3805211455739e-07,1.5295548295396365e-05,0.9999538997116459,1.93081143210987e-05,3.253239097730934e-06,2.2778743371054753e-06,1.3296478183060385e-06,8.480671425072289e-07,5.919447705900041e-07,4.3761985960950266e-07,3.4164704896762283e-07,2.7576907429742494e-07,2.264484994162463e-07,1.8219876590471875e-07,1.5390517508325103e-07,1.3321358069014665e-07
5.201905055217579e-09,1.1493384397190758e-08,2.1779117332634795e-08,4.0377696226134293e-08,7.786835057680026e-08,1.6585946182581936e-07,4.490418704840225e-07,2.0518001049438217e-06,0.4999981116736079,0.4999976463227783,5.497316851307746e-07,1.860841430223639e-07,1.0466019350094333e-07,7.353189707836177e-08,5.726923437106008e-08,4.705154607235204e-08,4.006003552987222e-08,3.4956831732048717e-08,3.119324191976334e-08,2.824486442426379e-08,2.5909232400521516e-08,2.394957026358886e-08,2.1583697002540635e-08,1.9568664280602448e-08,1.7885110904904875e-08,1.6288894182814728e-08,1.4759399822930765e-08,1.3502494999480802e-08,1.2473858387425802e-08,1.1621659968686116e-08,1.0891748233229553e-08,1.0259457277399185e-08,9.708827726891633e-09,9.220857166719225e-09,8.787282454810404e-09,8.399025098822721e-09,8.048207635225768e-09,7.714437387665717e-09,7.417857258406295e-09,7.149144831917888e-09
5.2019050552238014e-09,1.1493384397216778e-08,2.177911733259765e-08,4.0377696226401764e-08,7.786835057803832e-08,1.658594618298588e-07,4.490418705287884e-07,2.0518001058214143e-06,0.49999810925823346,0.49999764873815167,5.497316851818438e-07,1.86084143028187e-07,1.046601935028757e-07,7.35318970793019e-08,5.726923437249222e-08,4.7051546072837764e-08,4.006003553015555e-08,3.4956831732286766e-08,3.1193241919922694e-08,2.8244864424433528e-08,2.590923240066771e-08,2.3949570263701978e-08,2.158369700262574e-08,1.9568664280681682e-08,1.7885110904737622e-08,1.628889418214362e-08,1.4759399822974677e-08,1.350249499951883e-08,1.2473858387458426e-08,1.1621659968716708e-08,1.0891748233259323e-08,1.0259457277421087e-08,9.708827726911042e-09,9.220857166737065e-09,8.787282454806223e-09,8.399025098861379e-09,8.04820763524076e-09,7.714437387678823e-09,7.4178572584180176e-09,7.14914483192966e-09
3.1859867495116295e-09,6.511550875961232e-09,1.1248816313323717e-08,1.8318306865484743e-08,2.9381824505910447e-08,4.780239306987652e-08,8.084924875687017e-08,1.4960758016496553e-07,3.2874374728673934e-07,2.2120821731177088e-06,0.9999951154048806,7.438870666663087e-07,2.6527494912556983e-07,1.608481348304921e-07,1.15884831214687e-07,9.012231285094585e-08,7.357268484249636e-08,6.205812499493799e-08,5.398687028130162e-08,4.785409038898267e-08,4.313722527250412e-08,3.9226357318000304e-08,3.4209673064457406e-08,3.0117166078376625e-08,2.6845334635927806e-08,2.3816120661910328e-08,2.0999648050604355e-08,1.8790162355689516e-08,1.7051795012204008e-08,1.565759151413429e-08,1.4493277611487625e-08,1.350628472645377e-08,1.2663007165001085e-08,1.1927483112667391e-08,1.1283422158022882e-08,1.0714002590531628e-08,1.0205168182399539e-08,9.724408293456966e-09,9.302224245589914e-09,8.923403896953995e-09
1.7331748159432308e-10,5.768528400065302e-10,1.0139751385539267e-09,1.4998772652058481e-09,2.0461639957134995e-09,2.6653751171160446e-09,3.372244002747293e-09,4.1860096349782164e-09,5.135000335431391e-09,6.2724093254496836e-09,7.564266824018934e-09,8.994264967409522e-09,1.0613649910839119e-08,1.254727309147863e-08,1.490964906013959e-08,1.783040755502158e-08,2.153783270485838e-08,2.6375487521535407e-08,3.306743209899913e-08,4.281067234949738e-08,5.847062559996616e-08,8.708288100074951e-08,1.2815758510749404e-07,2.0948105522476565e-07,4.60102631388195e-07,2.066223564102192e-06,7.625502998227091e-06,0.33332384204851806,0.3333294544068599,0.33331785400147723,1.187521538602091e-05,2.250613252154726e-06,1.2031867776971504e-06,7.641099055362421e-07,5.449575269381637e-07,4.1211449817445354e-07,3.2072799442323755e-07,2.4462576170862926e-07,2.002863124139016e-07,1.694676492346776e-07
1.7331748159433345e-10,5.76852840007927e-10,1.0139751385539432e-09,1.4998772652056351e-09,2.0461639957134073e-09,2.665375117115926e-09,3.372244002746351e-09,4.186009634969637e-09,5.135000335432071e-09,6.2724093254512635e-09,7.564266824019568e-09,8.994264967442642e-09,1.0613649910858528e-08,1.2547273091481023e-08,1.4909649060141665e-08,1.7830407555014473e-08,2.153783270486042e-08,2.6375487520805615e-08,3.306743209879103e-08,4.281067234950666e-08,5.8470625599980076e-08,8.708288100090777e-08,1.2815758510921469e-07,2.0948105522502974e-07,4.6010263139048765e-07,2.0662235641025542e-06,7.625502998941839e-06,0.33332385062103875,0.33332944974025613,0.3333178500955668,1.1875215379259382e-05,2.2506132520303936e-06,1.2031867777772001e-06,7.641099055391641e-07,5.449575269424984e-07,4.1211449817495986e-07,3.207279944236676e-07,2.446257617113195e-07,2.0028631241298335e-07,1.6946764923511995e-07
1.733174815938898e-10,5.768528400064789e-10,1.013975138554101e-09,1.499877265206165e-09,2.046163995714385e-09,2.665375117116524e-09,3.3722440027484234e-09,4.186009634970222e-09,5.1350003354347054e-09,6.272409325456074e-09,7.564266824024155e-09,8.994264967417527e-09,1.061364991086745e-08,1.254727309149378e-08,1.4909649060143455e-08,1.7830407555013838e-08,2.153783270488533e-08,2.63754875208449e-08,3.3067432099077814e-08,4.281067234916321e-08,5.8470625600743034e-08,8.708288100116923e-08,1.2815758511011995e-07,2.0948105522756142e-07,4.601026313942658e-07,2.0662235648752224e-06,7.625503004924512e-06,0.3333238448589975,0.3333294442706062,0.3333178613272536,1.1875215375660553e-05,2.250613252569452e-06,1.2031867779005277e-06,7.641099055859523e-07,5.449575269642218e-07,4.121144981655759e-07,3.2072799443069197e-07,2.4462576171525205e-07,2.0028631241622772e-07,1.694676492388179e-07
1.966479881765378e-09,3.90733773316723e-09,6.472210764860838e-09,9.972544864899537e-09,1.4889632991556552e-08,2.210161358880253e-08,3.3325114579222436e-08,5.2310503248048736e-08,8.999352168674094e-08,2.0485435501013788e-07,7.697151438265223e-07,0.4999974222049855,0.49999467302202505,3.0246980488620874e-06,1.1857636252201759e-06,6.168487654562272e-07,3.8651188337037e-07,2.7165416068742804e-07,2.1099754087043238e-07,1.7050213162733137e-07,1.4295897336914724e-07,1.210055983231307e-07,9.145010035244892e-08,7.19420360465929e-08,5.88419097892156e-08,4.8043900826921895e-08,3.915156981885446e-08,3.303689519455956e-08,2.8690369678212107e-08,2.546634586503149e-08,2.292742430231644e-08,2.0876346637190665e-08,1.9193993686950077e-08,1.7774966489254957e-08,1.6568878219702276e-08,1.5529574515439223e-08,1.4620992858612458e-08,1.3775035989546339e-08,1.3048453918086284e-08,1.2408178600476842e-08
1.9664798817670157e-09,3.90733773316572e-09,6.4722107648650835e-09,9.972544864923328e-09,1.4889632991545205e-08,2.2101613588838065e-08,3.3325114579437444e-08,5.231050324848895e-08,8.999352168785482e-08,2.0485435501026094e-07,7.697151438254685e-07,0.499997460515462,0.49999463471154054,3.0246980566808842e-06,1.1857636256538673e-06,6.168487654255123e-07,3.8651188339021483e-07,2.716541606969797e-07,2.109975408763844e-07,1.7050213162743608e-07,1.429589733709059e-07,1.2100559832537973e-07,9.145010035379173e-08,7.194203604747299e-08,5.884190978938354e-08,4.8043900827229785e-08,3.91515698191125e-08,3.3036895194749567e-08,2.869036967833276e-08,2.5466345865083536e-08,2.2927424302352368e-08,2.0876346637206752e-08,1.919399368702158e-08,1.7774966489315225e-08,1.6568878219744724e-08,1.552957451544835e-08,1.4620992858651142e-08,1.3775035989585516e-08,1.3048453918106857e-08,1.2408178600513325e-08
1.5270335719142442e-10,5.429990847998313e-10,9.645157907260505e-10,1.4316204421898295e-09,1.9552156734343457e-09,2.546982521787886e-09,3.22052151903338e-09,3.993463076762909e-09,4.891587350460316e-09,5.963078431374384e-09,7.17635816956796e-09,8.516893586221329e-09,1.0031560712103961e-08,1.1832752251833196e-08,1.4022374873805392e-08,1.6714492111001667e-08,2.0108405195897655e-08,2.449960669742619e-08,3.050221539980287e-08,3.910488781130653e-08,5.259714171688208e-08,7.625506903396874e-08,1.0880404966117271e-07,1.6836482116482242e-07,3.1715461038460425e-07,7.407932915001755e-07,1.2917770319663202e-06,1.9371927991324854e-06,1.6466275892525251e-06,3.5254798090683864e-05,0.9999401589044047,1.1649299697311435e-05,2.2194452972288664e-06,1.364853726722866e-06,8.999669962413114e-07,6.315383336400888e-07,4.6147230422712623e-07,3.2904110228855783e-07,2.6053537307258906e-07,2.155204761376498e-07
1.3309858059935813e-10,5.108591348677036e-10,9.176349078597499e-10,1.3670242163715204e-09,1.869274476944258e-09,2.4352691058577305e-09,3.0775635769114814e-09,3.812311392990273e-09,4.662976115106906e-09,5.673227693644064e-09,6.813579603009929e-09,8.070947104842858e-09,9.488091199695488e-09,1.1166145901067188e-08,1.3195564842100585e-08,1.5676311645364674e-08,1.8781738254706663e-08,2.276489728752547e-08,2.8144554677506656e-08,3.573213329310983e-08,4.734647889632412e-08,6.693389388739414e-08,9.286468089332178e-08,1.3710393322838436e-07,2.323324859706586e-07,4.2444298407559613e-07,6.332271585072111e-07,9.245153750974664e-07,1.4280056607069796e-06,2.603789824149711e-06,1.3917030871984506e-05,0.9999412804899391,3.046079064511482e-05,2.9527944663521836e-06,1.7213331084009701e-06,1.0717424834246251e-06,7.14568737112915e-07,4.599760248159634e-07,3.482987101009342e-07,2.801279279499792e-07
1.769652158467493e-09,3.510647587746972e-09,5.777272376806567e-09,8.819804254360984e-09,1.300877566699044e-08,1.9002103828711413e-08,2.8042837826810518e-08,4.2706713143140426e-08,6.982564447598445e-08,1.3976446327923676e-07,3.51553859644636e-07,1.06630069074142e-06,3.822501196467477e-06,0.4999947316657955,0.49999301613017166,3.1617516680102457e-06,1.081563810759203e-06,5.854277479671102e-07,4.099440220347449e-07,3.061066198086572e-07,2.4263661677844076e-07,1.9363880037142198e-07,1.321916860112139e-07,9.716965495974372e-08,7.596366185726096e-08,5.96361547733154e-08,4.69850986165609e-08,3.875034139237012e-08,3.3118108574010327e-08,2.9055107520033614e-08,2.5918801968539454e-08,2.3424843991226118e-08,2.1405548149085953e-08,1.9719969749369027e-08,1.8300249648878958e-08,1.7086183537892977e-08,1.603164006358857e-08,1.505400474114541e-08,1.421969811379934e-08,1.3488258088853123e-08
1.7696521584689456e-09,3.5106475877511047e-09,5.777272376823801e-09,8.819804254392127e-09,1.3008775667058684e-08,1.9002103828887027e-08,2.8042837827117706e-08,4.2706713143778805e-08,6.982564447805577e-08,1.3976446328418476e-07,3.515538596774196e-07,1.0663006911005122e-06,3.822501201163842e-06,0.49999473114588366,0.4999930166500638,3.1617516817148114e-06,1.0815638112638294e-06,5.854277481088863e-07,4.099440220992668e-07,3.061066198342794e-07,2.4263661679434195e-07,1.9363880038598732e-07,1.3219168601817235e-07,9.716965496343237e-08,7.596366185995625e-08,5.963615477391393e-08,4.698509861742842e-08,3.875034139297731e-08,3.311810857443855e-08,2.905510752025501e-08,2.591880196872501e-08,2.342484399144738e-08,2.140554814926625e-08,1.971996974952594e-08,1.8300249649002893e-08,1.7086183537952604e-08,1.6031640063692e-08,1.505400474123846e-08,1.4219698113883418e-08,1.3488258088905289e-08
1.144498055969479e-10,4.803518603674923e-10,8.732235980798428e-10,1.3059508168191584e-09,1.7881745066491425e-09,2.330045277127763e-09,2.94316661418966e-09,3.6423538128577868e-09,4.448989281096915e-09,5.402713055815224e-09,6.475912322054398e-09,7.65671497029223e-09,8.984115151951978e-09,1.0549216201316165e-08,1.2432317727426186e-08,1.4720983675150096e-08,1.7566006349555557e-08,2.118410223136223e-08,2.601388281844073e-08,3.272179367532899e-08,4.2757035475079305e-08,5.9092774734726125e-08,8.001982373500976e-08,1.1368665195911933e-07,1.7869270207467922e-07,2.88793745456508e-07,3.968389490666473e-07,5.392606030688268e-07,7.702831239978287e-07,1.3066698264438486e-06,2.4046309782014915e-06,1.7059019055606343e-05,0.49997728970254374,0.4999830810394266,1.0822585004673236e-05,2.5416091839191827e-06,1.2770618267136778e-06,6.913117887882847e-07,4.882942114045603e-07,3.775491403257956e-07
1.1444980559702114e-10,4.803518603676849e-10,8.732235980805829e-10,1.305950816818814e-09,1.7881745066499107e-09,2.330045277128761e-09,2.943166614215103e-09,3.6423538128539176e-09,4.448989281099492e-09,5.402713055818851e-09,6.475912322058529e-09,7.656714970300658e-09,8.984115151909087e-09,1.0549216201362793e-08,1.2432317727447498e-08,1.4720983675177694e-08,1.7566006349572908e-08,2.118410223146658e-08,2.60138828185174e-08,3.2721793675458506e-08,4.275703547530068e-08,5.9092774735148814e-08,8.001982373612832e-08,1.1368665196010959e-07,1.7869270207883495e-07,2.887937454681373e-07,3.9683894907291386e-07,5.392606031412679e-07,7.702831240882312e-07,1.3066698266731715e-06,2.404630979663863e-06,1.705901912848705e-05,0.4999772675887391,0.4999831031529765,1.0822585182109662e-05,2.541609186098906e-06,1.277061826918634e-06,6.913117888721476e-07,4.882942114404987e-07,3.7754914034630915e-07
1.5970958540413519e-09,3.1664817208724396e-09,5.178292021817856e-09,7.832802206728866e-09,1.141178042453169e-08,1.6399291596937047e-08,2.3672709635236117e-08,3.494160939459727e-08,5.4312587759653705e-08,9.70616335101854e-08,1.9117015148204404e-07,3.7028075341607215e-07,6.666927437434534e-07,1.4428844132486557e-06,6.576964890332633e-06,0.9999784418285881,6.822372282208101e-06,1.8406347476697527e-06,1.031038923010074e-06,6.658890470411593e-07,4.779320957243961e-07,3.402337010046323e-07,1.9764903923593677e-07,1.3225770267809572e-07,9.783897193602813e-08,7.344813820498476e-08,5.5796226979911993e-08,4.4951217919014267e-08,3.781633340804093e-08,3.280694156777531e-08,2.901262470687142e-08,2.6039329841714316e-08,2.366042407100181e-08,2.1693313492759807e-08,2.0049911764789607e-08,1.8654167595148017e-08,1.744874038363769e-08,1.633511843681298e-08,1.5390325717923505e-08,1.4565829149531547e-08
9.665322040358537e-11,4.5127633309075483e-10,8.309457049107677e-10,1.2478746102207423e-09,1.7111283919778322e-09,2.2301683034030606e-09,2.815712293729921e-09,3.481340381704239e-09,4.24652493099962e-09,5.1472369604402005e-09,6.157553099520666e-09,7.266590859626883e-09,8.509840356617782e-09,9.96926515269375e-09,1.1715923448197803e-08,1.3826121669862123e-08,1.643044508816656e-08,1.97133966667823e-08,2.404398017997784e-08,2.9966012818411375e-08,3.862840505698361e-08,5.225898047155842e-08,6.918614225894e-08,9.50402186496188e-08,1.4066999881988344e-07,2.0931910828580362e-07,2.735077557365829e-07,3.541194286553234e-07,4.725244032561085e-07,6.917304034371445e-07,1.1055101577565547e-06,1.8554385102778397e-06,4.012833548397925e-06,2.0108831739346587e-05,0.999926110982591,3.9661949413671506e-05,2.3020716326739413e-06,1.0623759060240054e-06,6.897096486964876e-07,5.11931346319459e-07
1.4459989698164587e-09,2.8693853707729407e-09,4.667467511145524e-09,7.002126045736409e-09,1.0089121179170968e-08,1.4287129021651018e-08,2.0222054214293977e-08,2.9047150306802507e-08,4.331548720841889e-08,7.134201097134463e-08,1.227287766770211e-07,2.0262365494062277e-07,3.160139901928054e-07,5.287261283696128e-07,1.0910578040711487e-06,3.879974065090296e-06,0.33332887224460156,0.3333300287704115,0.33332706915432003,3.929653079676467e-06,1.690894293818139e-06,9.056018499527896e-07,3.308461762664819e-07,1.8717941115624044e-07,1.2815026416702976e-07,9.090182281653554e-08,6.61723654089754e-08,5.196519156098141e-08,4.300161006349595e-08,3.688280002596334e-08,3.2335386269526395e-08,2.8823333531540488e-08,2.604593670914235e-08,2.3770052471730443e-08,2.1883565907727735e-08,2.029174774579358e-08,1.89242965887569e-08,1.7664889164018412e-08,1.6602415241890668e-08,1.5679274400336016e-08
1.445998969814128e-09,2.8693853707736674e-09,4.667467511143585e-09,7.002126045732599e-09,1.0089121179093641e-08,1.4287129021434318e-08,2.0222054214336252e-08,2.904715030677662e-08,4.331548720839437e-08,7.134201096780238e-08,1.2272877666625843e-07,2.026236549493886e-07,3.1601399019209606e-07,5.287261283624202e-07,1.0910578038149437e-06,3.879974050595646e-06,0.333328856165681,0.3333300198110623,0.3333270941926195,3.929653068488883e-06,1.690894290494182e-06,9.056018498837774e-07,3.308461762690486e-07,1.8717941115604093e-07,1.281502641522364e-07,9.09018228094188e-08,6.617236540892069e-08,5.196519156092821e-08,4.300161006358467e-08,3.688280002537953e-08,3.2335386269126913e-08,2.8823333531909854e-08,2.6045936709134478e-08,2.377005247171075e-08,2.1883565907419855e-08,2.029174774543534e-08,1.8924296588744087e-08,1.7664889164008608e-08,1.6602415241912258e-08,1.567927440021243e-08
7.967794464272432e-11,4.2359486198932897e-10,7.907650992923978e-10,1.1927733970370974e-09,1.6381473324633603e-09,2.13571109985384e-09,2.6953743193274428e-09,3.329596961347555e-09,4.05612919487375e-09,4.907653273644566e-09,5.859806496848851e-09,6.902544933818995e-09,8.068194578771272e-09,9.430582578571909e-09,1.1052613385763613e-08,1.3000772299649497e-08,1.5388186313025487e-08,1.837197154259286e-08,2.2263152410062415e-08,2.7505991835351594e-08,3.501528509583728e-08,4.647243960756651e-08,6.03216058686517e-08,8.057256601325762e-08,1.1386665348211341e-07,1.6003743397293473e-07,2.0241026818084544e-07,2.542254278895857e-07,3.264110662969096e-07,4.42856185623918e-07,6.335398121941512e-07,9.724797666519893e-07,1.6497465628363237e-06,2.985834851571856e-06,4.217179123899363e-05,0.9999422041732623,4.111262445812961e-06,1.6857678835840098e-06,9.86133586617463e-07,7.033960509228839e-07
3.333722527618034e-11,3.483913392919418e-10,6.820927916499426e-10,1.0444221694614365e-09,1.4425604808856409e-09,1.8837751061643033e-09,2.376051904208332e-09,2.9291875493307736e-09,3.556861123928652e-09,4.284063763793879e-09,5.090613275480395e-09,5.968452494979254e-09,6.942556029808869e-09,8.068112367094546e-09,9.389915100867293e-09,1.095330691034946e-08,1.2834535075675432e-08,1.5134745681250594e-08,1.8049744883158748e-08,2.1836541391854155e-08,2.699534430292912e-08,3.432850867484428e-08,4.272711158725662e-08,5.3997784716270935e-08,7.025659217257071e-08,9.025593361903392e-08,1.0875175001804213e-07,1.3085022732821048e-07,1.5997919026718909e-07,2.0159003899265922e-07,2.598859336370812e-07,3.450629042255615e-07,4.816964821341776e-07,7.193702370738282e-07,1.2556447789335507e-06,2.5008813314023654e-06,0.49998876639985973,0.4999873567396047,1.3178051761472624e-05,4.0231701278659155e-06
3.3337225276163675e-11,3.483913392920211e-10,6.82092791650087e-10,1.0444221694606707e-09,1.442560480885988e-09,1.8837751061744996e-09,2.3760519041944286e-09,2.9291875493309494e-09,3.556861123928698e-09,4.284063763794116e-09,5.090613275480397e-09,5.968452494979898e-09,6.942556029808282e-09,8.06811236709364e-09,9.389915100877944e-09,1.0953306910354193e-08,1.2834535075674421e-08,1.5134745681247762e-08,1.8049744883153083e-08,2.1836541391848898e-08,2.6995344302918786e-08,3.432850867483872e-08,4.272711158725401e-08,5.399778471624425e-08,7.025659217246206e-08,9.025593361903443e-08,1.0875175001809879e-07,1.3085022732820585e-07,1.5997919026712667e-07,2.0159003899258484e-07,2.5988593363686946e-07,3.450629042255352e-07,4.816964821339768e-07,7.193702370726137e-07,1.2556447789313967e-06,2.500881331388896e-06,0.4999887663919371,0.499987356747537,1.3178051751892085e-05,4.023170127830822e-06
1.3116252787847125e-09,2.6076895694895287e-09,4.220724579140651e-09,6.2814777432515e-09,8.954113721885783e-09,1.2502031551521993e-08,1.7366715135498303e-08,2.4317760458083772e-08,3.4931753229608995e-08,5.377966297580089e-08,8.392188208500145e-08,1.2463936322155664e-07,1.7620674124388217e-07,2.563345118161316e-07,3.958854389313212e-07,6.561061708210216e-07,1.2014330943767474e-06,2.4099503924738474e-06,7.150764268215177e-06,0.49999133138266694,0.4999884929639583,6.043970116426124e-06,5.299586380096378e-07,2.490717442627413e-07,1.5948967336974514e-07,1.079561914190826e-07,7.59216307276382e-08,5.8442890216259596e-08,4.77614512403395e-08,4.062025215227505e-08,3.538474324478899e-08,3.138245570114333e-08,2.8243538025899157e-08,2.56874037437621e-08,2.3580086335004318e-08,2.181002585158524e-08,2.0295196195010166e-08,1.8901965538325978e-08,1.773175953196647e-08,1.671832871100834e-08
1.3116252787874841e-09,2.6076895694926575e-09,4.220724579143824e-09,6.281477743148151e-09,8.954113722135105e-09,1.2502031551622969e-08,1.736671513548354e-08,2.431776045810749e-08,3.493175323004587e-08,5.377966297752657e-08,8.392188209116412e-08,1.246393632135708e-07,1.7620674124604314e-07,2.5633451182369605e-07,3.95885438934139e-07,6.561061709863839e-07,1.2014330947131255e-06,2.409950393621777e-06,7.150764347197629e-06,0.49999126497100377,0.499988559375359,6.043970297832573e-06,5.299586382118336e-07,2.490717442815619e-07,1.5948967339585035e-07,1.0795619143394959e-07,7.592163072834681e-08,5.8442890216450324e-08,4.7761451240408976e-08,4.062025215275864e-08,3.538474324558346e-08,3.138245570101277e-08,2.8243538025943017e-08,2.56874037438133e-08,2.3580086335425564e-08,2.18100258522665e-08,2.0295196194362225e-08,1.8901965538334203e-08,1.773175953185977e-08,1.67183287111166e-08
1.9165136301522727e-11,3.2542699644414236e-10,6.489489418185841e-10,9.992484643945335e-10,1.3831249094608114e-09,1.8074163013107922e-09,2.279581809703439e-09,2.808689242975926e-09,3.4072953745111724e-09,4.098268401879764e-09,4.862611420714867e-09,5.692806127134531e-09,6.611783142960481e-09,7.669607737588416e-09,8.906224127618493e-09,1.0361408112675923e-08,1.2101888876826195e-08,1.421418170055297e-08,1.686600435717551e-08,2.026895861021042e-08,2.483155569838649e-08,3.117642870374313e-08,3.8332280679483714e-08,4.772380725459746e-08,6.084928445032067e-08,7.654365124895949e-08,9.1050364183738e-08,1.0820815949986284e-07,1.3035134207432306e-07,1.609960895361109e-07,2.0247114661538925e-07,2.6069298722893794e-07,3.487681428088767e-07,4.891503544351419e-07,7.629631163661929e-07,1.4076831465013803e-06,3.505858235657083e-06,5.661455732178035e-06,0.31689357899418236,0.3139822560332348
1.9165136301522152e-11,3.2542699644350625e-10,6.489489418221006e-10,9.992484643948342e-10,1.3831249094610584e-09,1.8074163013110664e-09,2.2795818097036895e-09,2.8086892429719322e-09,3.407295374512325e-09,4.0982684018799144e-09,4.862611420713667e-09,5.692806127137149e-09,6.611783142955563e-09,7.66960773759003e-09,8.906224127617052e-09,1.0361408112676424e-08,1.210188887682647e-08,1.4214181700572188e-08,1.686600435720959e-08,2.0268958610210136e-08,2.4831555698380476e-08,3.1176428703820976e-08,3.8332280679515816e-08,4.772380725459453e-08,6.084928445031975e-08,7.654365124896333e-08,9.105036418375282e-08,1.0820815949985584e-07,1.3035134207458453e-07,1.6099608953612537e-07,2.0247114661537207e-07,2.6069298722893805e-07,3.487681428088681e-07,4.891503544351577e-07,7.629631163660717e-07,1.4076831465013357e-06,3.505858235657591e-06,5.661455732178485e-06,0.3168935789941895,0.3139822560332438
1.1923143474478603e-09,2.3782090719157945e-09,3.833517806158957e-09,5.664891400077006e-09,7.997923728531423e-09,1.1027030841726383e-08,1.506662369106759e-08,2.0638925637592914e-08,2.875080230909938e-08,4.2081347157927704e-08,6.149847992055553e-08,8.573386078715271e-08,1.1463488896916596e-07,1.5564953270932232e-07,2.1821292369430733e-07,3.122576814305468e-07,4.582847099622867e-07,6.740497339067435e-07,1.1654494308571207e-06,2.685605786806538e-06,1.4669048581061262e-05,0.9999774134218127,7.334245107633512e-07,3.011323699793303e-07,1.8710469183796607e-07,1.2321193672953504e-07,8.461250701558571e-08,6.426344504551924e-08,5.2079781525426594e-08,4.4042680187951036e-08,3.819799436258976e-08,3.3759458411555606e-08,3.0297369260311964e-08,2.7488558744795115e-08,2.518090387883875e-08,2.3247905786057613e-08,2.1597936597614456e-08,2.00809385519958e-08,1.8810820014942456e-08,1.7713330534262627e-08
