2.402815811705469e-10,8.783000290621024e-10,1.5582316147556529e-09,2.298585366036966e-09,3.1185406669975227e-09,4.044991664274436e-09,5.0947211443705e-09,6.3036431114843756e-09,7.750088498334738e-09,9.470892638268483e-09,1.1496162088086157e-08,1.362057525144436e-08,1.60144298734142e-08,1.8787381097516717e-08,2.192103415622329e-08,2.5617290967819594e-08,2.9650948372142643e-08,3.380207009676796e-08,3.8661298500336896e-08,4.4411120653724165e-08,5.1244022920698204e-08,5.9218699047742505e-08,6.860941851094426e-08,7.992680887121372e-08,9.445985202426594e-08,1.1299975337776912e-07,1.3760506696798202e-07,1.7168103993571833e-07,2.1984703517255257e-07,2.914001940232264e-07,3.993033306020429e-07,5.71169005546099e-07,8.55500879132551e-07,1.3609594088551085e-06,2.4598902695865048e-06,7.160884690732866e-06,0.00015169080337712218,0.9998169386472968,1.4243092692011997e-05,2.725707902935962e-06
9.912017135343296e-10,2.1863531450374385e-09,3.5553666392793625e-09,5.149127526877897e-09,7.032659659836989e-09,9.331426701042702e-09,1.2178424539075825e-08,1.585042724607144e-08,2.0990253429562985e-08,2.8320178215735188e-08,3.8983615638671835e-08,5.161520715127278e-08,6.836806678990332e-08,9.292424868784047e-08,1.2918905281054492e-07,1.9897681686204668e-07,3.09988962152252e-07,4.3398381406940635e-07,6.578604967365129e-07,1.107725108517171e-06,2.1611722171422957e-06,6.049383486109935e-06,3.1244347472221346e-05,0.0002118560699100548,0.9997201167161556,1.5136808350921512e-05,3.820043945723482e-06,1.9803318856196896e-06,1.2004906535541066e-06,8.046124081754036e-07,5.630789942845091e-07,4.153549558029193e-07,3.1836565396449034e-07,2.5335870140695585e-07,2.09492267272259e-07,1.7696064558665767e-07,1.5094135930822386e-07,1.3040859255114482e-07,1.1406329533340701e-07,9.933573244700207e-08
1.219860434551751e-09,2.602571737964011e-09,4.2148803070866175e-09,6.120047861174527e-09,8.405256940293518e-09,1.1250503838952815e-08,1.4864621354317547e-08,1.9684723912449376e-08,2.6775969775628597e-08,3.755897256404714e-08,5.4559758275895e-08,7.603589652003915e-08,1.0698278134764264e-07,1.5986638916974524e-07,2.5922947119479133e-07,5.85414291230647e-07,1.4991039853140992e-06,2.8018997792813364e-06,6.548127708190402e-06,4.395647868691792e-05,0.9999250796980477,1.0182146580653062e-05,2.651034312098616e-06,1.4170607883071433e-06,9.895441960958168e-07,7.081478621133717e-07,5.31306161822141e-07,4.14735231309363e-07,3.302678424294391e-07,2.6832475589529503e-07,2.2055121218282603e-07,1.8447718903883203e-07,1.5657374754595696e-07,1.3505741182678322e-07,1.1869488041834426e-07,1.0542708257276266e-07,9.405665274412545e-08,8.445987963752364e-08,7.634863268605848e-08,6.872557062224014e-08
4.400019252041281e-10,1.2158268930709776e-09,2.0596370978150248e-09,2.996757627770916e-09,4.0545534638793624e-09,5.275305605425247e-09,6.690466778992678e-09,8.366521139657733e-09,1.0449101852570351e-08,1.3030273171818758e-08,1.6205225478496457e-08,1.960011155253699e-08,2.3540690203686052e-08,2.82804147959325e-08,3.380907373411821e-08,4.066925039175418e-08,4.83239952925865e-08,5.607274135209071e-08,6.552431218731315e-08,7.728979990598418e-08,9.20980589968378e-08,1.103330585247273e-07,1.3317611306912238e-07,1.631774396942167e-07,2.0714131363188106e-07,2.721887169236519e-07,3.7665081499734304e-07,5.608385514854514e-07,9.022816925610569e-07,1.5822736197095853e-06,2.9983054636467895e-06,1.1090166323472663e-05,0.9998526142995757,0.00010492295050802545,1.4203205222711469e-05,4.755419783576145e-06,2.0591974925797076e-06,1.203539282010357e-06,7.81601058552412e-07,5.004922653115587e-07
4.207994951500524e-10,1.1830556095987811e-09,2.010528291636566e-09,2.9278455547920556e-09,3.961500441125722e-09,5.1520496317417065e-09,6.529195592115039e-09,8.155787448967612e-09,1.0169423274731944e-08,1.2655010941338737e-08,1.5698696094135334e-08,1.894670354995706e-08,2.2705606675562097e-08,2.7209509713252437e-08,3.244595900399961e-08,3.890685794475641e-08,4.6098319691340357e-08,5.339369583480036e-08,6.225050722237317e-08,7.320935337856089e-08,8.690652342366889e-08,1.0366055925896068e-07,1.2448847486355895e-07,1.5156772783622808e-07,1.906499722000531e-07,2.474982948383385e-07,3.3683033963695236e-07,4.906919748858585e-07,7.70992552354495e-07,1.3232648118713346e-06,2.426660664461675e-06,6.554048999219681e-06,0.00010622316671625482,0.9997999135731401,6.527761899268649e-05,9.576840007744596e-06,2.7876453350120156e-06,1.4801273394188538e-06,9.18321449909373e-07,5.643622443595745e-07
5.452832324768295e-10,1.396817898469881e-09,2.332646441462777e-09,3.3821351897446365e-09,4.577879763847304e-09,5.972796275162987e-09,7.609620617225311e-09,9.578162170018582e-09,1.2075997519141273e-08,1.5244705292165652e-08,1.9245144852880625e-08,2.3576258585807148e-08,2.8692763844987788e-08,3.4990035514319046e-08,4.2486722665244304e-08,5.213881266059127e-08,6.310265174442708e-08,7.407526731560082e-08,8.789742680121272e-08,1.0583166513601807e-07,1.295113470966074e-07,1.6006178680687097e-07,2.0039025697836277e-07,2.570680566114675e-07,3.4910141032157336e-07,5.011026883466755e-07,7.760259311210936e-07,1.3029556648994534e-06,2.3491529075284764e-06,5.38731764215185e-06,6.0931138225201714e-05,0.9999084976518776,1.064511012066496e-05,2.906540225606303e-06,1.7789168269288899e-06,1.17402358346201e-06,7.868170421528097e-07,5.549349517979739e-07,4.108356428565604e-07,3.009968045157941e-07
7.294379660297339e-10,1.7185604589645935e-09,2.8250468608434467e-09,4.086276829567534e-09,5.546074051136528e-09,7.281447112503322e-09,9.36303605753831e-09,1.1938080603196644e-08,1.5335268794410536e-08,1.9841908680369345e-08,2.5835756391832878e-08,3.2513708728062315e-08,4.070546546895166e-08,5.132733344896175e-08,6.467078687290063e-08,8.36929147877816e-08,1.0672049388049953e-07,1.2965088660944945e-07,1.6133785014106868e-07,2.0761824411772497e-07,2.778999192930123e-07,3.8234836596348873e-07,5.426634556022639e-07,7.981095406813643e-07,1.2851561233549868e-06,2.136581497649988e-06,3.9484138229676036e-06,2.1862243001507325e-05,0.999934427893972,2.4097927908160566e-05,3.677805073520461e-06,1.8393713879886276e-06,1.104614081670225e-06,7.370323380532965e-07,5.376060079361546e-07,4.0880022232051305e-07,3.174839713290443e-07,2.5357798411971447e-07,2.0790308874588634e-07,1.6943901997301923e-07
5.801448147926156e-10,1.4572422008453229e-09,2.424464750330917e-09,3.512606354333513e-09,4.756181803154281e-09,6.21211334190893e-09,7.92757914064617e-09,1.0001534394968088e-08,1.2652119740021352e-08,1.6041957755318875e-08,2.036123208181564e-08,2.5059854455675354e-08,3.064631489388859e-08,3.758118758980566e-08,4.590371999419587e-08,5.6782014046152936e-08,6.924099914322689e-08,8.167261060321888e-08,9.754923265142886e-08,1.1851440905810102e-07,1.4676367473443766e-07,1.8395415475172526e-07,2.342013899469751e-07,3.0690497482389594e-07,4.301086589643585e-07,6.414286344049421e-07,1.0344346993403133e-06,1.8013307348017558e-06,3.5204015164051547e-06,1.330600347830677e-05,0.999910048861746,5.684741873703857e-05,4.774165359486835e-06,2.094663339422537e-06,1.345718817925395e-06,9.153230394629693e-07,6.360374156657388e-07,4.624194280333422e-07,3.5123035227402427e-07,2.644470970467859e-07
1.3897633062242508e-09,2.915526561707046e-09,4.71474621969405e-09,6.859199457408789e-09,9.453687898098598e-09,1.2724442294992135e-08,1.6947208658819936e-08,2.2701189971272262e-08,3.145225527314024e-08,4.534920475739915e-08,6.835103319577845e-08,9.866885603820393e-08,1.4467338778962538e-07,2.327784872839723e-07,4.39324725264259e-07,1.6902907606760832e-06,0.9999075816059588,7.008265220578138e-05,9.456176215728138e-06,3.4192973832313657e-06,1.8802351758988521e-06,1.1119839890994698e-06,7.186052422465333e-07,5.079956337977151e-07,3.935677147780099e-07,3.1460961591563586e-07,2.5892613617608504e-07,2.1810515202353195e-07,1.8587971512865125e-07,1.6021133784419992e-07,1.3889356868389223e-07,1.2156548291101286e-07,1.0725525374230748e-07,9.555830901473419e-08,8.619056397872877e-08,7.828195078885996e-08,7.128227534852e-08,6.518387235717965e-08,5.987536719788421e-08,5.477165204483089e-08
1.0091763891829787e-09,2.2188635831235806e-09,3.606639950418877e-09,5.224382162641175e-09,7.138778153641425e-09,9.4792355066014e-09,1.2384082672134482e-08,1.614128148675105e-08,2.1421982334744124e-08,2.899205853519521e-08,4.007765265299419e-08,5.327581754667623e-08,7.089366011012313e-08,9.70038322248327e-08,1.3618872834865448e-07,2.1397543278255665e-07,3.420689568681162e-07,4.876212492572143e-07,7.566675236312779e-07,1.3123784265398111e-06,2.769288634400319e-06,1.1319087735967562e-05,0.9977059137776498,0.002157998294798554,0.00010122037264428224,8.509975103929845e-06,2.9242755090009763e-06,1.6612446821383827e-06,1.0541616604724553e-06,7.237354353363775e-07,5.157056897903792e-07,3.8542839947625184e-07,2.985399218921197e-07,2.395192315814542e-07,1.992415021400838e-07,1.6912463048959654e-07,1.4488330319623594e-07,1.2563488837864995e-07,1.1022821664145419e-07,9.629651744262711e-08
1.3008460350792854e-09,2.7516296038242617e-09,4.453026759384159e-09,6.472657980777084e-09,8.906323016397015e-09,1.1956118156837832e-08,1.5862833300034225e-08,2.1131580857715596e-08,2.901588826303607e-08,4.12774255040224e-08,6.114246079697317e-08,8.685792322678081e-08,1.2509120139343977e-07,1.9471598656133867e-07,3.417506868622724e-07,9.994108494374334e-07,5.3152321782417966e-06,3.595587641238654e-05,0.9998530944271445,8.340350326185187e-05,1.1760629879002964e-05,2.9515221517005352e-06,1.4089546718612192e-06,8.707881775671109e-07,6.301038006085323e-07,4.742607539415979e-07,3.7194224107097417e-07,3.014562642808442e-07,2.484133720636735e-07,2.0800591747890076e-07,1.7570729899766783e-07,1.5042883598321386e-07,1.3022176805809457e-07,1.1417634229331851e-07,1.0165976333542855e-07,9.130865922189964e-08,8.229490211278441e-08,7.456806399858263e-08,6.794232018118232e-08,6.164816374131711e-08
2.545992756297099e-10,9.02226805922944e-10,1.593417245926374e-09,2.3471322751278596e-09,3.1830705119880557e-09,4.1290415463546135e-09,5.202621880871999e-09,6.441404368099374e-09,7.927424344677851e-09,9.700211005040346e-09,1.1792676938991591e-08,1.3990146857934129e-08,1.6471135268849127e-08,1.935203360908979e-08,2.261418533388869e-08,2.6473587421250062e-08,3.069060581415089e-08,3.502649102139349e-08,4.011391858905414e-08,4.6150192912303395e-08,5.334450042008573e-08,6.176175758546606e-08,7.170123199884062e-08,8.372842502817146e-08,9.927595436455583e-08,1.1925704197239513e-07,1.4602485872070193e-07,1.8354447654921603e-07,2.3733778928763474e-07,3.1868815598101136e-07,4.4374285416200755e-07,6.463132528913585e-07,9.858151006320487e-07,1.5901117302113803e-06,2.9505961887694302e-06,1.1878471710246708e-05,0.9998203704529914,0.00014892204604557285,8.27500678846847e-06,2.2468531401089677e-06
3.3461769858338843e-09,6.812161403900129e-09,1.1283724303997807e-08,1.6949275742014087e-08,2.427221844444586e-08,3.457402958843546e-08,4.9834763164584844e-08,7.447927260163638e-08,1.265656821467675e-07,2.2983391786272837e-07,2.451584819531378e-06,0.9999862374472489,7.004820602114997e-06,1.4726638112189015e-06,5.869650683032802e-07,3.547853783778454e-07,2.1809042586620805e-07,1.447435229218739e-07,1.106586808428877e-07,9.067366608704545e-08,7.718732087182467e-08,6.707456699591321e-08,5.9250263735485636e-08,5.310847415584721e-08,4.8329530234042673e-08,4.4357252861791556e-08,4.1022035273955115e-08,3.817605013645562e-08,3.567515001588039e-08,3.3459962082696526e-08,3.145238938461692e-08,2.963991603926807e-08,2.7996145956277157e-08,2.6516241166031605e-08,2.520511075688275e-08,2.4010308462844078e-08,2.289359939893282e-08,2.185721742184449e-08,2.0896525575487296e-08,1.993890342164604e-08
3.9750554457521433e-10,1.143362716539533e-09,1.951125679089956e-09,2.844579763430823e-09,3.849172680458079e-09,5.0034227106185135e-09,6.334985794262026e-09,7.902470712281789e-09,9.834128264253402e-09,1.2206666584222295e-08,1.509603204484347e-08,1.817161259712806e-08,2.1717798137049965e-08,2.5946714801727506e-08,3.0843404999411604e-08,3.6844113189695995e-08,4.350242016998033e-08,5.027149890487425e-08,5.844231775904333e-08,6.847887459104329e-08,8.091719264427661e-08,9.600602291676092e-08,1.14586665326487e-07,1.384361618973851e-07,1.7220289811028263e-07,2.2025349413724657e-07,2.936100000506809e-07,4.1546746468055816e-07,6.291430244729364e-07,1.0331359235113306e-06,1.7852378601934473e-06,3.609622722647051e-06,1.352651068145941e-05,7.557351282130195e-05,0.999863340077483,3.092493689718598e-05,3.9873965512371896e-06,1.873079445259147e-06,1.1076726001106472e-06,6.499763034828224e-07
2.949162003661314e-09,5.980309496305231e-09,9.838257449528162e-09,1.4684911723538313e-08,2.088944135872832e-08,2.9469706310263742e-08,4.1957253973622214e-08,6.175172448588941e-08,1.0200456587376526e-07,1.9341367037250495e-07,7.563204309584631e-07,8.303849188628043e-06,0.9999782531712237,8.329949867402662e-06,1.4815478380397312e-06,6.951809301422221e-07,3.472273904920135e-07,2.0245899414923816e-07,1.4617580847876887e-07,1.1605490052726432e-07,9.674821522538979e-08,8.2703104662737e-08,7.208728028662132e-08,6.39206790526109e-08,5.768583164724759e-08,5.256243554249621e-08,4.83040487635521e-08,4.47017170732048e-08,4.155560353274979e-08,3.878527307162074e-08,3.6286004653705253e-08,3.4041863550776604e-08,3.2017073129325554e-08,3.0204422469446424e-08,2.860876966069838e-08,2.7161590144584183e-08,2.581360296068842e-08,2.456761231835584e-08,2.3417441523726912e-08,2.227365842442355e-08
3.219369959479765e-11,5.344815411085261e-10,1.0576155063685201e-09,1.6139513716356455e-09,2.216050441041638e-09,2.880576646607912e-09,3.6177912843096504e-09,4.445973484361892e-09,5.403339670777269e-09,6.500136720428663e-09,7.745868352593922e-09,9.034180063958825e-09,1.0447110014356373e-08,1.203044458974983e-08,1.3768385567666001e-08,1.574574535590246e-08,1.7862489479702527e-08,2.0040765189684166e-08,2.2514377913433415e-08,2.5341866097408332e-08,2.857852674594953e-08,3.223558232012471e-08,3.6395708807497145e-08,4.1206778777031334e-08,4.700195161797942e-08,5.3935089487400094e-08,6.241789222584191e-08,7.303032636477333e-08,8.638349861035133e-08,1.0356788126850366e-07,1.257220371111097e-07,1.5539470599718278e-07,1.9610974302683964e-07,2.553517656716106e-07,3.519653725902483e-07,5.208833628443191e-07,8.345870811256281e-07,1.5677729080173168e-06,5.049390938516983e-06,0.15911733832329658
1.2779036545056677e-09,2.709359822327344e-09,4.385465553686479e-09,6.372642222760457e-09,8.764258003304333e-09,1.175609748766882e-08,1.5579792506612627e-08,2.072096861454971e-08,2.8378566384174678e-08,4.021453386630935e-08,5.925246210058223e-08,8.373783465414392e-08,1.1984606891343446e-07,1.8447477616510279e-07,3.165222984231476e-07,8.544657255725389e-07,3.2368233471747062e-06,1.1762990164397301e-05,9.017085883458117e-05,0.9998522704943836,3.045742160492842e-05,4.068185488880389e-06,1.6914062107084936e-06,1.0036612449433493e-06,7.152511975604067e-07,5.299955385571932e-07,4.1030117223212814e-07,3.2904609549605666e-07,2.6861383390831155e-07,2.2309394091104325e-07,1.8707490563873063e-07,1.5916637466551783e-07,1.3705512521713082e-07,1.196374231844904e-07,1.0614548778097504e-07,9.504853268575649e-08,8.54274014031317e-08,7.721531548661324e-08,7.020151818741907e-08,6.355892730732643e-08
1.0082647529312376e-09,2.2172171263858524e-09,3.604047402436048e-09,5.220583983319185e-09,7.133433122391768e-09,9.47180645709423e-09,1.2373768370764024e-08,1.612672536444548e-08,2.140041567037001e-08,2.895854677563435e-08,4.002316393027034e-08,5.319331400888408e-08,7.0768538076073e-08,9.68020282514901e-08,1.3584224812925308e-07,2.1322578971007188e-07,3.404525164417188e-07,4.849381179471312e-07,7.518309450594655e-07,1.3028898662776366e-06,2.7420783667617796e-06,1.1019460532430964e-05,0.00222863788522004,0.9976103330120546,0.00012610411083518907,8.82721458159948e-06,2.972793444581797e-06,1.679250477496756e-06,1.062458453063173e-06,7.282493551600473e-07,5.183157748348046e-07,3.870618587246623e-07,2.9961469646263183e-07,2.402659377427696e-07,1.9979292135099184e-07,1.6954534212950617e-07,1.452079191809766e-07,1.2589033385601262e-07,1.1043320685155007e-07,9.645891799200853e-08
2.664282247330774e-09,5.39486538794885e-09,8.831357860011816e-09,1.311676160068377e-08,1.8556662048255388e-08,2.5969041814670987e-08,3.6567401880546505e-08,5.3017769156598645e-08,8.486550659612619e-08,1.5548605885827945e-07,4.091964818864053e-07,1.7245472466434941e-06,1.0525686321245856e-05,0.9999786457531253,4.670871395552143e-06,1.4401571489912371e-06,5.51596399251777e-07,2.7477058120839224e-07,1.868453950024391e-07,1.439428828473853e-07,1.1772390283035694e-07,9.914636823931863e-08,8.538583345987255e-08,7.498628894638992e-08,6.717905430183162e-08,6.082544783076308e-08,5.558941764867425e-08,5.1191989948206426e-08,4.7370297401967544e-08,4.4021152966374446e-08,4.101069463303189e-08,3.8319939304888085e-08,3.590291439460646e-08,3.3749947591137346e-08,3.1865501839515886e-08,3.0163461272617734e-08,2.858266845151719e-08,2.712662381882615e-08,2.5787598890027225e-08,2.4458827534770174e-08
1.1099172474488188e-09,2.401543379110843e-09,3.895229241541512e-09,5.648247767107147e-09,7.736680766859372e-09,1.0312782548566576e-08,1.3546177332648322e-08,1.779082765505825e-08,2.3888844074615966e-08,3.287837608973834e-08,4.65124741611878e-08,6.318622624977262e-08,8.622617158315367e-08,1.225695804370662e-07,1.8247763026801982e-07,3.272895057585385e-07,6.233707025211014e-07,9.751375267729866e-07,1.636098770067172e-06,3.0545723084589257e-06,1.605216377937131e-05,0.999946217842061,1.8863807851077838e-05,3.5374212349166116e-06,2.3108212348255616e-06,1.4607015934008147e-06,9.978611187341355e-07,7.254071756764317e-07,5.40271862241583e-07,4.136525059837226e-07,3.2221273861690103e-07,2.576916765062119e-07,2.1072725698812315e-07,1.76379685867763e-07,1.5142330366854419e-07,1.3187911085690947e-07,1.155874141595425e-07,1.0220029465677784e-07,9.115797196175361e-08,8.096073967868363e-08
1.7020146350626989e-10,7.617609482268937e-10,1.3876012438187473e-09,2.064057698484047e-09,2.8078614369176993e-09,3.641783451848992e-09,4.579285201765749e-09,5.649017916888319e-09,6.913140882766873e-09,8.39732393486208e-09,1.0121140146131658e-08,1.1919458824336069e-08,1.392727379696095e-08,1.622648295560488e-08,1.8800494840343897e-08,2.1795120616046265e-08,2.5043641666826566e-08,2.8398001618622295e-08,3.228200480409199e-08,3.6821387580277924e-08,4.214600516274673e-08,4.829413148778302e-08,5.544954705675329e-08,6.393340000199864e-08,7.453409178872219e-08,8.766114009423141e-08,1.0442976016918716e-07,1.2653661691757192e-07,1.5605678724609698e-07,1.968974963352035e-07,2.538026832924256e-07,3.36993514791625e-07,4.631075274789951e-07,6.721078238819421e-07,1.0846902319355682e-06,1.9646102906286404e-06,4.149673383449748e-06,2.0349001237779693e-05,0.9999595751753607,9.924949909839654e-06
3.516030964807509e-10,1.0654388638360566e-09,1.8349010650265598e-09,2.6821561618837848e-09,3.630676713020043e-09,4.715201801443165e-09,5.959686044886784e-09,7.415060943119888e-09,9.192695840776493e-09,1.1354999060236337e-08,1.396063502220161e-08,1.6720971826327388e-08,1.9880967683822404e-08,2.3615176198174786e-08,2.7905482535717583e-08,3.309740807699837e-08,3.882524502968465e-08,4.4670773767373304e-08,5.165339368849187e-08,6.011893904842112e-08,7.045303657527033e-08,8.28079125252845e-08,9.776689324897929e-08,1.1652712028591742e-07,1.4218024147161905e-07,1.772746955352234e-07,2.281669401497739e-07,3.0721067049527684e-07,4.354717788519587e-07,6.591362917378729e-07,1.0461875712115477e-06,1.7176450696124364e-06,3.056292368250853e-06,5.72688595052096e-06,4.313830058391799e-05,0.9999276001924462,9.417379410646496e-06,3.0719861278594807e-06,1.6445942853734795e-06,8.765381985905387e-07
1.3582290458867111e-09,2.857386735426035e-09,4.621951071423804e-09,6.722317105650753e-09,9.260175053756522e-09,1.2453268139876369e-08,1.6565073661824217e-08,2.2148863478937702e-08,3.059531501676172e-08,4.3916695625994605e-08,6.582643633203387e-08,9.456079343573635e-08,1.3794618235967124e-07,2.1984915974305824e-07,4.058831311090917e-07,1.439936747637514e-06,7.467201193717699e-05,0.9998736059949513,3.381248633644087e-05,6.779608053307062e-06,2.9274772733660715e-06,1.4992576764725866e-06,8.998918712822978e-07,6.10244261272559e-07,4.617540928417551e-07,3.6176355462123393e-07,2.9299254779320465e-07,2.4365628608529206e-07,2.0534792100113171e-07,1.7529916102161476e-07,1.5066595297730203e-07,1.3090052575547706e-07,1.1475599204366298e-07,1.016882507345744e-07,9.131684224317116e-08,8.262316040809737e-08,7.497133884949253e-08,6.834197784911047e-08,6.260118906365604e-08,5.710522977546412e-08
6.736888835963882e-10,1.6204626950278583e-09,2.673961105953501e-09,3.868994973604998e-09,5.245669809541982e-09,6.8728712313323195e-09,8.81152553373577e-09,1.118888665743759e-08,1.4287459003480303e-08,1.8340152085494585e-08,2.3640369714113904e-08,2.9487555017082616e-08,3.6569778474055003e-08,4.558856996610081e-08,5.669457473157729e-08,7.194087726067266e-08,8.99265022621657e-08,1.077928419928587e-07,1.3164925680463905e-07,1.6498616358100785e-07,2.1297952734418786e-07,2.8054153159029397e-07,3.7888260740880965e-07,5.322754430784087e-07,8.165239862688379e-07,1.3118558555917103e-06,2.2117763613033274e-06,4.6068245460479035e-06,3.110678124620624e-05,0.999940749696295,8.8733178757397e-06,3.0624708571914616e-06,1.6224744018994259e-06,1.014643592651696e-06,7.138208685891133e-07,5.24901184386647e-07,3.9476273688634633e-07,3.068498966841194e-07,2.460777250379199e-07,1.9600096203857386e-07
9.057548156544584e-10,2.032443193216204e-09,3.3134571987969136e-09,4.795052766237472e-09,6.534682020419736e-09,8.640114778844239e-09,1.1220842210082016e-08,1.450452463280373e-08,1.901185800088085e-08,2.528450502036902e-08,3.413256096734853e-08,4.4378456140029854e-08,5.7579368736659095e-08,7.60274116555531e-08,1.0149810178329082e-07,1.4473775699805937e-07,2.0523997478535173e-07,2.6865079556074797e-07,3.7149277886772895e-07,5.555287708027225e-07,9.02128065057976e-07,1.510666608136364e-06,2.5709359602766166e-06,4.451073949566883e-06,3.353114979170607e-05,0.9998955997752776,4.51890676170885e-05,6.959756631538746e-06,2.525262400892033e-06,1.420641353370623e-06,8.942952369346471e-07,6.138535279023233e-07,4.4461372952529424e-07,3.386133461549175e-07,2.7109332612061116e-07,2.2303232419900485e-07,1.8586240811212477e-07,1.5745658218029715e-07,1.354771214855969e-07,1.160282401784603e-07
8.588647794279693e-10,1.948473508918747e-09,3.1821297594036783e-09,4.603635852750172e-09,6.266558718209666e-09,8.26974495311289e-09,1.0711130173508316e-08,1.3794349365556796e-08,1.798170405826516e-08,2.3733305823700948e-08,3.171494845826786e-08,4.085383710481473e-08,5.2460552496144015e-08,6.831600113931818e-08,8.955239699799586e-08,1.2364876334410098e-07,1.6901765215092713e-07,2.1554317349436872e-07,2.8726972545383386e-07,4.0814276835189834e-07,6.238257333456853e-07,9.867527579281913e-07,1.5747859421024238e-06,2.435253447081322e-06,6.10559765280114e-06,5.404182702143721e-05,0.9998661217734366,5.51759810931594e-05,4.994596664237184e-06,2.1524117619890763e-06,1.2177480572355336e-06,7.907545373371094e-07,5.499468940552317e-07,4.06335439473724e-07,3.1830051057329046e-07,2.5727045615106937e-07,2.1107756181586756e-07,1.7650699696554706e-07,1.5024657695525039e-07,1.272758269392211e-07
2.1981372718791836e-09,4.45986683779715e-09,7.246281392277771e-09,1.0671017641764219e-08,1.4949021478153117e-08,2.0621762160132013e-08,2.8453292862278194e-08,4.008691781741857e-08,6.06319249124455e-08,1.0102850780989599e-07,1.8790315079693103e-07,3.7259548528278054e-07,8.486435720696288e-07,3.940913776516638e-06,0.00014701594913012097,0.9998430876528203,1.7890140673186075e-06,5.41615126097426e-07,3.142934842509353e-07,2.2623790202756823e-07,1.7775588835226301e-07,1.4504262635865686e-07,1.217074210049814e-07,1.0470528162652475e-07,9.239275270557176e-08,8.255218218495344e-08,7.45711248542526e-08,6.796327254125295e-08,6.226799444536183e-08,5.732155438888611e-08,5.290399889887496e-08,4.899486015002793e-08,4.55151651168484e-08,4.244851178275604e-08,3.9798253246882167e-08,3.742635861082599e-08,3.5236195369568976e-08,3.3234443848669194e-08,3.140848468709946e-08,2.9602538125781195e-08
2.2266490643180117e-09,4.5162566416155505e-09,7.341074902746319e-09,1.0816541396532258e-08,1.516273057363263e-08,2.0936334864709794e-08,2.89261563631066e-08,4.0831447959748055e-08,6.198078390191891e-08,1.0394448326051311e-07,1.9627315790039966e-07,4.006900498966885e-07,9.568495442297598e-07,4.926241436899527e-06,0.999842642756634,0.00014654259295298697,1.6418622278984493e-06,5.171835265068579e-07,3.035514139765163e-07,2.1944145544492634e-07,1.728288255971772e-07,1.4130235277085913e-07,1.1877081885631623e-07,1.0231671731130166e-07,9.037311852301406e-08,8.081771931983284e-08,7.306090826017952e-08,6.663327415426132e-08,6.109107707591567e-08,5.6275151228381885e-08,5.197268160764363e-08,4.816283335181279e-08,4.476951843562856e-08,4.177675495872761e-08,3.918802072005882e-08,3.6869701009751506e-08,3.472820069217736e-08,3.276986258094622e-08,3.0982495189193936e-08,2.9214497481085097e-08
8.173436196824817e-10,1.874379817692187e-09,3.066592281584587e-09,4.435646820345309e-09,6.0318014165479965e-09,7.946411330430091e-09,1.0267869342472182e-08,1.3180050342946082e-08,1.7097879593913883e-08,2.241774374938152e-08,2.9696158317571337e-08,3.7950498565963684e-08,4.830753755263396e-08,6.219509749940626e-08,8.035770201819798e-08,1.0826800267013374e-07,1.4404947437321277e-07,1.8021623762214704e-07,2.3372298717215544e-07,3.192008773095933e-07,4.6335120055395223e-07,6.968576895429429e-07,1.0701650299498516e-06,1.6166867681788876e-06,2.9313897120995886e-06,7.609117672837513e-06,6.593712511340731e-05,0.9998979143714841,1.2062666844562956e-05,3.200439287314644e-06,1.6148815946064865e-06,9.969697643436084e-07,6.691266197934853e-07,4.811376054065052e-07,3.6951451441735086e-07,2.9374844653704824e-07,2.3746219635685385e-07,1.9612060386425154e-07,1.6524271666856045e-07,1.3851193131019475e-07
0.999999637068104,7.33377041717073e-08,3.20782635674991e-08,2.148162760511976e-08,1.6793850465776956e-08,1.4246093675413189e-08,1.2588272226775625e-08,1.1428293826530759e-08,1.0612811797511821e-08,9.94290548087425e-09,9.359125516992495e-09,8.711619378028852e-09,8.147697800894276e-09,7.672427649754323e-09,7.252465857474952e-09,6.89480388145277e-09,6.562187382267357e-09,6.248501498212774e-09,5.979393743012626e-09,5.745157830376027e-09,5.537900468305214e-09,5.350126305974809e-09,5.17931191031996e-09,5.023787681996808e-09,4.883821127697923e-09,4.754863648822224e-09,4.635937387584525e-09,4.525652217478689e-09,4.422181449199083e-09,4.324746184382164e-09,4.231941169281429e-09,4.143558023620392e-09,4.059254696081528e-09,3.9791745674819285e-09,3.9038660229411645e-09,3.831964130447421e-09,3.762357135253699e-09,3.6951552553814514e-09,3.6302620953740992e-09,3.5641757862331957e-09
1.7060186167842268e-07,0.9999989703706982,2.5214072987811554e-07,9.22711895062326e-08,5.713934749600606e-08,4.3085415582029116e-08,3.5203265498842296e-08,3.024581799469069e-08,2.7070731603714744e-08,2.4499876371598348e-08,2.2346520320313868e-08,1.9839349445232614e-08,1.7783513158744148e-08,1.6167023731140747e-08,1.481268193170758e-08,1.3721638414792968e-08,1.2739118767949629e-08,1.1842241387082369e-08,1.1107330225966132e-08,1.049154569136554e-08,9.96364392163675e-09,9.497497516134615e-09,9.083239742622638e-09,8.71425921787465e-09,8.389319046707321e-09,8.095127892485733e-09,7.828205155297239e-09,7.584335160035569e-09,7.358433147741591e-09,7.148230998040562e-09,6.95007977499616e-09,6.763328982751596e-09,6.586949504890554e-09,6.421082514745124e-09,6.266752860429594e-09,6.12072347284385e-09,5.980400804919451e-09,5.84598328746854e-09,5.717202262892009e-09,5.586689416742498e-09
4.4390767278025455e-08,5.020948733272555e-07,0.9999979023469386,5.335750875500278e-07,1.880805725332235e-07,1.1785316071277494e-07,8.561308982402832e-08,6.814242355467415e-08,5.8152953241487836e-08,5.020149794449522e-08,4.4079950357842514e-08,3.663458632428404e-08,3.1067141964915004e-08,2.707418382702609e-08,2.3947023307305595e-08,2.1578651181241743e-08,1.9524485461786073e-08,1.7717791833914776e-08,1.630210790833313e-08,1.5157357848043655e-08,1.4203692827139067e-08,1.338067748441745e-08,1.2663975026761307e-08,1.2037403157131763e-08,1.1495346193454287e-08,1.1011555451998713e-08,1.0578310854662615e-08,1.0187131021260998e-08,9.82839951387537e-09,9.497695510053258e-09,9.188460286216294e-09,8.89935884599337e-09,8.628373482747985e-09,8.375476121050423e-09,8.142030453063362e-09,7.92261541795137e-09,7.712945435382136e-09,7.513264346862525e-09,7.323058318922568e-09,7.130905647561747e-09
2.4767671394839986e-08,1.1202124963574633e-07,9.171063835633148e-07,0.9999958065782816,1.343181876952548e-06,4.672649365417428e-07,2.553333705872619e-07,1.7452647586470625e-07,1.366196191174751e-07,1.0782246035408428e-07,8.994038220595703e-08,6.63656537244185e-08,5.160101560495728e-08,4.242682725304533e-08,3.5897482921929396e-08,3.131550002053603e-08,2.7520052106641267e-08,2.432629521641831e-08,2.1940617221681355e-08,2.008066280388855e-08,1.857462373845486e-08,1.730352332342854e-08,1.6217690542179368e-08,1.528470916745552e-08,1.4490460978059692e-08,1.3790600807931546e-08,1.3171034341973581e-08,1.261735138909196e-08,1.2113973490262862e-08,1.1653609831971463e-08,1.122607606464828e-08,1.0829112405386292e-08,1.0459381908680573e-08,1.0116522911588005e-08,9.802117243860785e-09,9.508244449168886e-09,9.228697090093427e-09,8.963732843049292e-09,8.71252843769381e-09,8.459431477748853e-09
1.8194570474406392e-08,6.357976684873509e-08,2.3541411208915734e-07,1.665876998335227e-06,0.999979071652166,1.5651899683985274e-05,1.2399852751822828e-06,5.454616635776167e-07,3.5928527071218057e-07,2.3699595677035017e-07,1.830502204524346e-07,1.1036226366944422e-07,7.664546696074166e-08,5.9118877478233444e-08,4.788307949232953e-08,4.0551926286235635e-08,3.4738745291038634e-08,3.0038048415386376e-08,2.6662276221727774e-08,2.410559526812476e-08,2.2080286551865197e-08,2.039934361380971e-08,1.898362474455997e-08,1.7782336294626062e-08,1.677136205757671e-08,1.5888482706494628e-08,1.5113116021571734e-08,1.4425086612447981e-08,1.3803241138861457e-08,1.32375920344568e-08,1.2714694048055817e-08,1.223141161108234e-08,1.1783195563624279e-08,1.1369320332206966e-08,1.0991463411927833e-08,1.0639575591646917e-08,1.0305837850841714e-08,9.990496661825406e-09,9.692451739705828e-09,9.392677893449964e-09
1.725836706194125e-08,5.802750511027982e-08,1.9715311658167872e-07,9.476334973357548e-07,1.743082913345826e-05,0.9999770085190445,1.910147013282042e-06,7.210225713122715e-07,4.5150973788675297e-07,2.8140811831138914e-07,2.1312639046373083e-07,1.2150076129678595e-07,8.223798252666619e-08,6.261048270836863e-08,5.028709767192645e-08,4.2358001092467e-08,3.611887192551418e-08,3.110896221543726e-08,2.75362063808435e-08,2.4843829982577296e-08,2.2718887803477865e-08,2.0960118122094487e-08,1.948228823727318e-08,1.8230874007674683e-08,1.7179715701317463e-08,1.6263074371157944e-08,1.545909579502704e-08,1.4746490853031837e-08,1.4103034013210501e-08,1.3518225735510276e-08,1.2978003317668603e-08,1.2479071619728155e-08,1.2016651473947923e-08,1.1589950161622377e-08,1.1200662857187036e-08,1.083834216432729e-08,1.0494867858395697e-08,1.0170487219706815e-08,9.864048604535738e-09,9.555900170080716e-09
1.31312291126296e-08,3.736987688212479e-08,9.402645182859827e-08,2.2727460065688515e-07,5.505388174732006e-07,2.9432137172550587e-06,0.9999513673166793,3.621574064999326e-05,5.58187304690355e-06,1.2573897754065005e-06,7.031191889096041e-07,2.1825560027343563e-07,1.2233077629325543e-07,8.571899448837306e-08,6.548167282572617e-08,5.3472232484653385e-08,4.442383153788886e-08,3.7434813432032146e-08,3.2637156685783305e-08,2.911704654797823e-08,2.6392531828395413e-08,2.416986066114303e-08,2.232474612131978e-08,2.0778860198815354e-08,1.9493164657178705e-08,1.838028298541439e-08,1.7410639338753473e-08,1.6556181501317834e-08,1.578828370755942e-08,1.509338712289701e-08,1.4453772860220471e-08,1.386517869295173e-08,1.3321510915324869e-08,1.2821578298984024e-08,1.23671635522334e-08,1.194546899706582e-08,1.1546643137791369e-08,1.1170929592198405e-08,1.0816909734367228e-08,1.046147589586765e-08
1.2709069300698162e-08,3.555807160285361e-08,8.71125469792736e-08,2.0264626067602959e-07,4.6501605866032863e-07,1.8587875703494726e-06,3.881403714416467e-05,0.9999230589563,3.180699762930941e-05,1.7485207970204288e-06,8.636010154804374e-07,2.3517339942559208e-07,1.282633843288674e-07,8.892782031502273e-08,6.752183524515358e-08,5.4934713385084954e-08,4.549995786503433e-08,3.824446882535888e-08,3.3285085536869083e-08,2.9657130148550882e-08,2.685526352043645e-08,2.457309727011223e-08,2.2681095634507984e-08,2.1097761077187808e-08,1.978237484867011e-08,1.8644690617931274e-08,1.765414364309971e-08,1.6781817839608223e-08,1.5998256363299486e-08,1.5289516900086195e-08,1.4637408252378144e-08,1.4037551489012658e-08,1.348368051820261e-08,1.2974554630828312e-08,1.2511977980661966e-08,1.2082849241335105e-08,1.1677091500970894e-08,1.1294950866274525e-08,1.0934971109121417e-08,1.0573594282928439e-08
1.2199996058869053e-08,3.34162624964849e-08,7.918674728026076e-08,1.7559079636266698e-07,3.763187268111933e-07,1.1125614037409683e-06,5.049439420712185e-06,3.6805785152875744e-05,0.9999517264871438,2.461965352932606e-06,1.0797335609600233e-06,2.539332404866802e-07,1.3474121612850175e-07,9.245789150375807e-08,6.978234370954277e-08,5.657076316889254e-08,4.671105579814459e-08,3.9159446830377087e-08,3.402057277956131e-08,3.0272708423885114e-08,2.738449755871497e-08,2.5035638294965437e-08,2.3090910299363873e-08,2.1465345248475383e-08,2.0116404677685365e-08,1.8950632861622855e-08,1.793637800015142e-08,1.704373232005849e-08,1.624232710260445e-08,1.551778033889498e-08,1.4851376721646749e-08,1.4238592465323944e-08,1.3672995147986156e-08,1.315330074848658e-08,1.2681328014931788e-08,1.224362215938674e-08,1.18298614243812e-08,1.1440288821792081e-08,1.107340870018309e-08,1.0705123101558116e-08
9.450064254030103e-09,2.314496308440875e-08,4.6866773804512174e-08,8.55841151915795e-08,1.4695607173645685e-07,2.6368280926406894e-07,4.6629461165736726e-07,1.1181113906523612e-06,6.607845942366902e-06,0.9999658835031909,2.395254943688746e-05,4.074474484009204e-07,1.812975623397378e-07,1.1699969645866676e-07,8.528305556421128e-08,6.773111793669038e-08,5.490735516125171e-08,4.530236712973953e-08,3.893881605560954e-08,3.438097711239995e-08,3.091325943369391e-08,2.8117776382287782e-08,2.582043067333049e-08,2.39129143674808e-08,2.2340683195224176e-08,2.098796887308615e-08,1.9815879984667352e-08,1.8788007146981354e-08,1.7867661176416796e-08,1.703764722724247e-08,1.6275660212154367e-08,1.557641945534265e-08,1.4932293046649603e-08,1.4341740958405318e-08,1.3806830324343821e-08,1.3311687837209757e-08,1.2844227269930815e-08,1.2404765951941244e-08,1.1991601055378385e-08,1.1577222868738388e-08
8.727595954027938e-09,2.078511210520197e-08,4.064211399043038e-08,7.137973129736177e-08,1.178274392521942e-07,1.9965169384143654e-07,3.344527615733224e-07,6.64793608824944e-07,2.3820809869298887e-06,2.6595844815879222e-05,0.9999680685856494,4.566421362941102e-07,1.9578493408800768e-07,1.2479152275735101e-07,9.028047370533533e-08,7.137118464855141e-08,5.75947170401669e-08,4.7319020915486194e-08,4.0558668578523264e-08,3.5739138228931424e-08,3.208402078815786e-08,2.9143318569234616e-08,2.6730771977398848e-08,2.473089004487609e-08,2.308549469657405e-08,2.1671320848888087e-08,2.044720734359516e-08,1.9374651077453217e-08,1.841486957785563e-08,1.7549787179978537e-08,1.6755907620460513e-08,1.6027745627640304e-08,1.53572833039723e-08,1.4742939882059102e-08,1.4186904136550047e-08,1.3672464516946071e-08,1.3186920735527017e-08,1.2730632335022219e-08,1.2301812693591079e-08,1.1871628918528648e-08
