0.9999999967397564,7.926343539621769e-10,3.0884425000627737e-10,1.948335250888289e-10,1.4569671589131283e-10,1.1958942520180055e-10,1.0286080983772407e-10,9.127664205357193e-11,8.299416392784607e-11,7.633867008424436e-11,7.089896320940617e-11,6.646495710142058e-11,6.280771297089087e-11,5.976130865118921e-11,5.7171559400042164e-11,5.491765924239573e-11,5.2915938629790145e-11,5.1139212183404005e-11,4.9522608286798725e-11,4.8019717146205916e-11,4.660505552210462e-11,4.532263516892892e-11,4.415359401087545e-11,4.3088616497981184e-11,4.2106238483948205e-11,4.119028308733258e-11,4.0329546340815803e-11,3.9528297788611866e-11,3.8783050848018524e-11,3.808858738243153e-11,3.743706090584426e-11,3.682369936989772e-11,3.6247402037654506e-11,3.570439451244046e-11,3.519170379913635e-11,3.4702016432701e-11,3.423556028037403e-11,3.3790476068320974e-11,3.3366572193860015e-11,3.2962171883771607e-11
1.1996875394083165e-09,0.9999999895930296,2.7694057080813678e-09,9.260410356637939e-10,5.482191448929483e-10,4.037068919540979e-10,3.2422698037370135e-10,2.7479665629201663e-10,2.425345536354103e-10,2.174671635720483e-10,1.9770375050345932e-10,1.8225755142944655e-10,1.6999728098244992e-10,1.6013833551930174e-10,1.519874636294326e-10,1.4503327550700257e-10,1.3894164198505237e-10,1.3362025013489731e-10,1.2881859072548948e-10,1.2436570514293405e-10,1.2017830096291893e-10,1.1643768242617961e-10,1.130727287128043e-10,1.1004925133132118e-10,1.072886087957443e-10,1.0473331708048734e-10,1.0234547458399022e-10,1.0014222690668229e-10,9.811211432098661e-11,9.62373318426029e-11,9.449122493853994e-11,9.285812580298359e-11,9.133491664544653e-11,8.990930246696079e-11,8.857176895117453e-11,8.72984843034124e-11,8.609081954527251e-11,8.494320693122587e-11,8.385544349613547e-11,8.282237882159195e-11
3.554714075748155e-10,3.8953782544326095e-09,0.9999999775889015,6.095033823512389e-09,1.922384690575958e-09,1.1602337077251084e-09,8.287769460630818e-10,6.519476913882754e-10,5.495636287567891e-10,4.73000526759727e-10,4.1538496942246945e-10,3.7267875701326867e-10,3.403154837346834e-10,3.153285092998657e-10,2.953023832618178e-10,2.7858084151633885e-10,2.6414932766936695e-10,2.5175662957401377e-10,2.4067576095285724e-10,2.3043801119243566e-10,2.2083976735979685e-10,2.1240438489724158e-10,2.0492569782667968e-10,1.9830366135917696e-10,1.9232329052448567e-10,1.868325554255577e-10,1.817346340567015e-10,1.7707465788393656e-10,1.728222046992319e-10,1.6893104094767212e-10,1.6533389737692377e-10,1.6199204069274132e-10,1.588978314738029e-10,1.5602115757717774e-10,1.5333907636242378e-10,1.507947139054736e-10,1.4839200456780349e-10,1.4611821276017044e-10,1.439731810121488e-10,1.4194502014086783e-10
1.9639693516123798e-10,9.593065725255612e-10,7.694813802136168e-09,0.9999999545521394,1.3826857889820601e-08,4.722303983117823e-09,2.5519429375526555e-09,1.7214833980392254e-09,1.3359442058152455e-09,1.0668327231871757e-09,8.8111999813855e-10,7.552572074597317e-10,6.665377710283256e-10,6.019954348791536e-10,5.524708317330545e-10,5.123304277563411e-10,4.783945906878768e-10,4.49927011243854e-10,4.248085359111583e-10,4.017580502392906e-10,3.8029767622685966e-10,3.618507927052576e-10,3.4581058100203384e-10,3.318738712690121e-10,3.19466938995755e-10,3.081980939008632e-10,2.9782817599745257e-10,2.884612234074001e-10,2.800156061964279e-10,2.72373891104302e-10,2.65374151554885e-10,2.5892443095274085e-10,2.530047585719664e-10,2.4754477716471753e-10,2.4249155277641475e-10,2.3771866844672097e-10,2.332350247495351e-10,2.290130417112988e-10,2.2505218970704716e-10,2.2132638495393894e-10
1.4105584352949298e-10,5.488990301398495e-10,2.1233500528659353e-09,1.462037259251208e-08,0.9999998016492545,1.3934736237266887e-07,1.1888522682723476e-08,5.331892382172222e-09,3.521260086696265e-09,2.4380103303055936e-09,1.8117424841965928e-09,1.4467879267017004e-09,1.2159263768128623e-09,1.0610253436972427e-09,9.486537826752e-10,8.609377158821942e-10,7.887173948636521e-10,7.298463421335932e-10,6.787882349907133e-10,6.324478456778122e-10,5.898162234750553e-10,5.541112436079252e-10,5.237475237539179e-10,4.979109831595633e-10,4.752740914734997e-10,4.549642714031412e-10,4.3646585341882165e-10,4.1996876378765636e-10,4.052799442721546e-10,3.921420652522968e-10,3.802214632041282e-10,3.693300257555712e-10,3.594211830648205e-10,3.5035390170431873e-10,3.420231583686042e-10,3.341901830181258e-10,3.2687056444439055e-10,3.200124480633381e-10,3.13613432317399e-10,3.07624387691545e-10
1.3307680981544019e-10,5.008775907738283e-10,1.784023993377526e-09,9.02956068157139e-09,1.5451788755240307e-07,0.9999997810893105,1.835957595275681e-08,6.994356821301161e-09,4.408959403032074e-09,2.923867558807779e-09,2.109146737303257e-09,1.6535152498908782e-09,1.3730626979164955e-09,1.1884933000661152e-09,1.0563064526850865e-09,9.53970000581451e-10,8.70187426837827e-10,8.023154979366599e-10,7.436638181177053e-10,6.90556884975049e-10,6.418329810218566e-10,6.012619804377369e-10,5.669289244221564e-10,5.378474255669668e-10,5.124545924615046e-10,4.897317795594929e-10,4.690807139421321e-10,4.507138806504023e-10,4.344035325209945e-10,4.1985066334061067e-10,4.066721615160357e-10,3.946524443234658e-10,3.8373697081790927e-10,3.737647904870569e-10,3.6461634251943494e-10,3.5602228940568613e-10,3.48000024411046e-10,3.404911245977316e-10,3.3349261092537657e-10,3.2694914802629053e-10
9.732773429695148e-11,3.177894451400879e-10,8.384694421787971e-10,2.125769460180339e-09,5.492957797275761e-09,2.4619285149948537e-08,0.9999995756864238,2.815793502746224e-07,5.598621137252763e-08,1.364450018546576e-08,6.530903943295503e-09,4.21246812191808e-09,3.130354782027669e-09,2.5304391853889476e-09,2.1436411589074988e-09,1.8628313821490163e-09,1.6426305581900148e-09,1.472675600675451e-09,1.329761945272794e-09,1.2026991255573846e-09,1.0887555808418805e-09,9.980328143235424e-10,9.240409546638109e-10,8.634251022887374e-10,8.117971216441973e-10,7.664609630311531e-10,7.259016758585996e-10,6.905163362549337e-10,6.596701689309601e-10,6.326058062532527e-10,6.084267787181989e-10,5.866351428794135e-10,5.670877526887784e-10,5.494240718830729e-10,5.333807142239644e-10,5.183993686375336e-10,5.045132770792089e-10,4.916021171796146e-10,4.796559842318394e-10,4.685613296508875e-10
9.359849780816205e-11,3.0152495187788444e-10,7.753235633561531e-10,1.8852585293051088e-09,4.581009427264725e-09,1.6919253151774598e-08,3.105893889997919e-07,0.9999993482819813,2.5291584015822826e-07,1.9318309571712555e-08,7.999867073279048e-09,4.914081137169931e-09,3.5661105631479345e-09,2.8446846626518193e-09,2.388642149804638e-09,2.061324098965169e-09,1.8065879294823937e-09,1.6116368657010693e-09,1.4484938136019671e-09,1.303944418638526e-09,1.1748910289352646e-09,1.0729413773167346e-09,9.903188470077517e-10,9.23010803895074e-10,8.659191704588069e-10,8.159413217849988e-10,7.713454025878141e-10,7.32559516719823e-10,6.988489410383419e-10,6.693496010307331e-10,6.430509864191717e-10,6.19392948026057e-10,5.982117023489613e-10,5.791037546402642e-10,5.6177503601994e-10,5.456079770595751e-10,5.306388659716257e-10,5.167347031850365e-10,5.038839233137569e-10,4.919611319296958e-10
8.915950853331757e-11,2.82239400631732e-10,7.024423341959081e-10,1.6189949991949142e-09,3.631099185546626e-09,1.0669988528735396e-08,4.750775772053363e-08,3.0320500732171324e-07,0.9999995543311243,2.7650354713107082e-08,9.87468191338033e-09,5.793475225722913e-09,4.1124522667962656e-09,3.2407136293154153e-09,2.698883755992698e-09,2.3133736914255043e-09,2.0148904988145154e-09,1.7882728566558213e-09,1.5992839318216368e-09,1.4321724238803473e-09,1.2835531393370035e-09,1.167183418202437e-09,1.073538796583865e-09,9.977299282928993e-10,9.337155852261936e-10,8.778591003439614e-10,8.281509334212024e-10,7.850673474797949e-10,7.477457972956136e-10,7.151837766672365e-10,6.862224709743321e-10,6.602219303878886e-10,6.369929883332479e-10,6.16076956171866e-10,5.971406822297175e-10,5.794897631120565e-10,5.63165332769298e-10,5.480186232498507e-10,5.340364649036516e-10,5.210783792794775e-10
6.493560867295737e-11,1.900349565966534e-10,4.090911809609441e-10,7.728090923185353e-10,1.3551901629883734e-09,2.484965206208914e-09,4.669407875301392e-09,9.627889279596218e-09,4.490260868216356e-08,0.9999996647653648,1.4608588205000885e-07,3.40721524437479e-08,1.760011963717078e-08,1.1903059968197562e-08,8.964661591550951e-09,7.048294634843086e-09,5.651443933424088e-09,4.695121879983326e-09,3.9374930547400724e-09,3.2955698453133497e-09,2.762033648495118e-09,2.3877302917935487e-09,2.110584680843228e-09,1.9013657765571893e-09,1.7332031521711853e-09,1.5916729246160425e-09,1.4694324004633668e-09,1.367207959843719e-09,1.2815659222284328e-09,1.2090077541777899e-09,1.1459380659671952e-09,1.0904277360136834e-09,1.0418321835898542e-09,9.988426124330853e-10,9.605357121431507e-10,9.251430986929849e-10,8.927620792943896e-10,8.630220042559161e-10,8.358762329237229e-10,8.109748450110469e-10
5.854908012858996e-11,1.68758128712922e-10,3.5222829432988153e-10,6.410650555826945e-10,1.0806307527881986e-09,1.869172916265413e-09,3.2705693852087347e-09,6.12907668851224e-09,1.813449063063162e-08,1.3186101247287013e-07,0.9999994214090291,2.2194223278459697e-07,5.73504390220777e-08,3.210396969380551e-08,2.1405876096530638e-08,1.507538126079821e-08,1.0918530861218735e-08,8.422173186425996e-09,6.607905737869936e-09,5.1831095283453316e-09,4.096069477436392e-09,3.401885028836278e-09,2.920516642596301e-09,2.5749285530538903e-09,2.3066348672679787e-09,2.0865130705488355e-09,1.900338993609358e-09,1.7481305532647088e-09,1.6231460552498321e-09,1.5190526769375714e-09,1.4297718871761442e-09,1.352083003541079e-09,1.2848339124296167e-09,1.225917534631108e-09,1.1738683589333373e-09,1.1260254793862074e-09,1.0825148409141265e-09,1.0427762289646519e-09,1.006721020196464e-09,9.738254960574518e-10
5.4154383041707395e-11,1.5472367465931715e-10,3.16422928534864e-10,5.620287047113781e-10,9.229874204555576e-10,1.5374501247770787e-09,2.566624777970942e-09,4.497704341080445e-09,1.0623630599771176e-08,3.38619277542492e-08,1.689177713736728e-07,0.9999984473921949,9.035555969764324e-07,1.926542221525823e-07,8.408405333802575e-08,4.28754908423155e-08,2.4275897116103344e-08,1.6171488653313048e-08,1.1344062185938537e-08,8.06979475944615e-09,5.896625426736588e-09,4.6670834954530716e-09,3.877845278508292e-09,3.3416419254048704e-09,2.9404433983007813e-09,2.6198767260429954e-09,2.3544898934085833e-09,2.1422981176313954e-09,1.9713726579077507e-09,1.8312815972686777e-09,1.7125994829126595e-09,1.6103977571336334e-09,1.5228261990243757e-09,1.4467686396532226e-09,1.3800864228993374e-09,1.319068715973607e-09,1.2638672909140977e-09,1.2136985188306237e-09,1.1684179783985898e-09,1.1273001042172621e-09
5.2942525694130644e-11,1.509250210154302e-10,3.0693003177488467e-10,5.415000238577447e-10,8.82781644554108e-10,1.4551248331138454e-09,2.3971266525926824e-09,4.120614206807712e-09,9.209325084627078e-09,2.5626271535472393e-08,8.844829260616988e-08,9.09469590341527e-07,0.9999972546355301,1.2988333751768764e-06,2.0577718123771717e-07,7.188148659933902e-08,3.361563091687998e-08,2.0616430812701235e-08,1.369337469926913e-08,9.332850614124915e-09,6.611557569864259e-09,5.142403267183639e-09,4.224993860854663e-09,3.6132795335521517e-09,3.1610988305501956e-09,2.8028475174268403e-09,2.508280616624768e-09,2.2743973196001185e-09,2.0871249713682537e-09,1.9343926949977266e-09,1.805485388910257e-09,1.6948261623633515e-09,1.6002981691605369e-09,1.5184115254792316e-09,1.446781704970732e-09,1.3813207878898529e-09,1.322191131200051e-09,1.2685292979784038e-09,1.2201708749246033e-09,1.176318923058695e-09
5.206454885005515e-11,1.4817960482505013e-10,3.0008701877365145e-10,5.267285575945491e-10,8.538520227340358e-10,1.3959951924582017e-09,2.2755499628058945e-09,3.85099938273446e-09,8.247177924419065e-09,2.0786365192272408e-08,5.770521219093699e-08,2.2060838813813455e-07,1.4800725243450468e-06,0.9999973973113517,5.522754732376448e-07,1.0919961851237345e-07,4.2573544977410794e-08,2.447202354283219e-08,1.5606216436271116e-08,1.0309762266100818e-08,7.145479782258698e-09,5.491753789637324e-09,4.478094498997363e-09,3.810570966528516e-09,3.320998801250014e-09,2.9352116043391057e-09,2.6193514987297725e-09,2.3697105375098716e-09,2.170602035511787e-09,2.0087414147916097e-09,1.8724595554396996e-09,1.755704818663081e-09,1.6561698127753782e-09,1.5700911887621313e-09,1.4949051766844785e-09,1.4262462985528913e-09,1.3642881757888004e-09,1.3081102883029827e-09,1.2575354306411091e-09,1.2117151169002761e-09
5.0294426932074214e-11,1.4268320395800795e-10,2.864961174907109e-10,4.976274004547334e-10,7.972851174428237e-10,1.2817936084974702e-09,2.0444492455770736e-09,3.351342996977337e-09,6.620935293377079e-09,1.4169752743224795e-08,2.9954992148693176e-08,6.573228798105294e-08,1.5313692414111063e-07,8.5009797135676e-07,0.9999983528175216,3.254466028597473e-07,6.961101169673869e-08,3.4580753159319527e-08,2.022486028713469e-08,1.2514966722956696e-08,8.299163568484104e-09,6.232488677280062e-09,5.009796330644264e-09,4.223298226537449e-09,3.654653170391415e-09,3.210807011479524e-09,2.8501110378057242e-09,2.5674515635642846e-09,2.3436452787745695e-09,2.1628000545266678e-09,2.0112012699149914e-09,1.8817954128643973e-09,1.7718851975978484e-09,1.6771301219022235e-09,1.5945900203125713e-09,1.5193059970250346e-09,1.4514859923075093e-09,1.3900918229728908e-09,1.3349236791217698e-09,1.2850256820529246e-09
4.726619321964449e-11,1.334580695603435e-10,2.6416933185800476e-10,4.5089278296124984e-10,7.085279233752614e-10,1.1085267651487443e-09,1.7084902263905316e-09,2.6689329055505886e-09,4.736551759379158e-09,8.508472677948746e-09,1.4539141253838338e-08,2.4566594238506793e-08,4.2513591912868065e-08,9.395743908193199e-08,5.715374156541877e-07,0.9999988218345516,2.199914259390375e-07,7.175632907459737e-08,3.3689021186238664e-08,1.7916731609167045e-08,1.0844260229034966e-08,7.795208050885944e-09,6.1056366786879e-09,5.063427665771752e-09,4.327976980801609e-09,3.762718497583745e-09,3.3089048764795084e-09,2.9584448748468767e-09,2.6844459729407328e-09,2.4653329795216744e-09,2.2830009773111017e-09,2.1282945990409934e-09,1.997726764544131e-09,1.8857540321738856e-09,1.7886614308327586e-09,1.7002498834353403e-09,1.6208234224144862e-09,1.549108532095523e-09,1.484868483491316e-09,1.4269291049575416e-09
4.2958612012808536e-11,1.2076615526403742e-10,2.345539255520512e-10,3.912220103888802e-10,5.995340045619425e-10,9.067531849995429e-10,1.3417799397272496e-09,1.9868542711196396e-09,3.1822247264832255e-09,4.9997466775688086e-09,7.477022221109904e-09,1.1069263741112846e-08,1.678061605025653e-08,2.8807400105072177e-08,6.473801986936199e-08,3.1676844929042333e-07,0.9999973921287957,1.91077976719934e-06,1.119839752526023e-07,3.53201306585155e-08,1.713566851109867e-08,1.1302716139156547e-08,8.448510964029735e-09,6.812967854331481e-09,5.7038570398322985e-09,4.871702127419453e-09,4.2162748431783294e-09,3.722273198310244e-09,3.344101297090192e-09,3.0468173355787856e-09,2.8023213813354623e-09,2.596819033257055e-09,2.425145643600915e-09,2.2791501919299213e-09,2.15347148573107e-09,2.0392554402675832e-09,1.937079957285101e-09,1.8451841014278745e-09,1.7632763113345095e-09,1.6897341777508845e-09
4.2117007525880336e-11,1.1834090428629986e-10,2.2902869496335855e-10,3.8036002006286676e-10,5.801759506290752e-10,8.72076068327646e-10,1.2811763699356336e-09,1.879796140394148e-09,2.962371441229117e-09,4.566562799669008e-09,6.708310180810496e-09,9.753098779602292e-09,1.4485000027990776e-08,2.3985185846545535e-08,4.962355557532007e-08,1.6834589821623882e-07,2.0160229686738792e-06,0.9999974088533742,1.5248443237797652e-07,4.08209467768593e-08,1.8786897212698164e-08,1.2177423080315085e-08,9.020720283840938e-09,7.2368591130093585e-09,6.035327809767711e-09,5.137035540607251e-09,4.431766063384638e-09,3.9026484971724195e-09,3.499280436618991e-09,3.1832515865352663e-09,2.923900995590391e-09,2.7062866166958026e-09,2.524855224191059e-09,2.3708086197454737e-09,2.238383669123095e-09,2.118056331348111e-09,2.0104916551209832e-09,1.9138159880860034e-09,1.8277312061129863e-09,1.7505049787388808e-09
3.638447738515206e-11,1.0233465115804771e-10,1.9373238838074149e-10,3.1318583073573023e-10,4.641968692878096e-10,6.723564694672568e-10,9.47225725089705e-10,1.3207398051622965e-09,1.913807135565373e-09,2.6951572369796883e-09,3.6555914451396735e-09,4.918220796579287e-09,6.699564433124159e-09,9.6319693945787e-09,1.5169194663717168e-08,2.7321007579312904e-08,5.758433018345114e-08,3.0352679378540503e-07,0.9999992334310253,1.7013656431940296e-07,3.967813975262757e-08,2.2185384376879504e-08,1.5309004800423308e-08,1.1812024721009484e-08,9.559708706397953e-09,7.90827424587497e-09,6.638091515387596e-09,5.7216231304894254e-09,5.0470849286150645e-09,4.533100042893764e-09,4.1184303458091175e-09,3.775117258980108e-09,3.4934612989392232e-09,3.257335037223297e-09,3.0565570336864407e-09,2.8741206770044925e-09,2.711877017793334e-09,2.5668304023298e-09,2.4386876860653324e-09,2.324531990553766e-09
2.7694610834891234e-11,7.974540689626939e-11,1.473221125213819e-10,2.3065116476833118e-10,3.3060056741211193e-10,4.5927772319934794e-10,6.188776586092839e-10,8.206633585240969e-10,1.1045499460327912e-09,1.449465619721037e-09,1.8553984187990527e-09,2.3660371345753987e-09,3.0474089619326288e-09,4.047434737477187e-09,5.623181798813018e-09,8.279020584394827e-09,1.3115704847975981e-08,2.5427943988439367e-08,7.82902188553286e-08,0.9999965331966172,2.491705543238314e-06,3.53820280824456e-07,1.401160766878282e-07,8.636215693477647e-08,5.7205563998821304e-08,3.8117465113167495e-08,2.6276864099624608e-08,1.9884944170415936e-08,1.6047804673916006e-08,1.3513018782780653e-08,1.1634192398578097e-08,1.0180014169945973e-08,9.074150115695925e-09,8.199587377208275e-09,7.491131060104554e-09,6.85179758820504e-09,6.298211571340989e-09,5.817251538449449e-09,5.407427702603905e-09,5.053435404315148e-09
2.718836265370379e-11,7.848874708993935e-11,1.4485247058154903e-10,2.264371074073234e-10,3.2403707785149154e-10,4.4926448488362456e-10,6.041315628518513e-10,7.993041496785686e-10,1.0724333691814859e-09,1.4032734533355054e-09,1.7920593623296925e-09,2.2802198678801576e-09,2.92999991970415e-09,3.8793460518758e-09,5.3653282628976855e-09,7.846819894632138e-09,1.2315460983246636e-08,2.340265905299441e-08,6.765098892971805e-08,2.5221207964922303e-06,0.9999958365176507,8.417653703810073e-07,2.3429762023695426e-07,1.3118811861300418e-07,7.962342470834104e-08,4.8824271425048205e-08,3.175037347216779e-08,2.328639394917612e-08,1.8451043738592287e-08,1.5349260235466055e-08,1.30886488690164e-08,1.1361519850229395e-08,1.0064946689575965e-08,9.049383461688048e-09,8.233138546245886e-09,7.49834887002967e-09,6.865340054000302e-09,6.318105540000307e-09,5.854408572621283e-09,5.455804171755592e-09
2.5861405305756177e-11,7.521427376633708e-11,1.3845020745581327e-10,2.1555674197947834e-10,3.071421634535784e-10,4.235781680176835e-10,5.664100615797235e-10,7.448092265517108e-10,9.908855980829764e-10,1.286292632183838e-09,1.6315282370259305e-09,2.0619665967495584e-09,2.6296375845234847e-09,3.4463100318715265e-09,4.696241817727066e-09,6.717402084681447e-09,1.0199234259515016e-08,1.8046868533377395e-08,4.215531225508951e-08,1.7431528974806077e-07,5.646172281359091e-07,0.9999756021074132,2.149388379223574e-05,1.3522127093512103e-06,3.427016810443623e-07,1.1765049567151285e-07,5.749927933504295e-08,3.731128187328074e-08,2.7765141941863854e-08,2.2224406229113523e-08,1.8393344001408965e-08,1.5578415405398666e-08,1.3546355800442835e-08,1.1999310979922026e-08,1.0783620599441286e-08,9.695282983212738e-09,8.77122249470531e-09,7.984047218106741e-09,7.3280905578841995e-09,6.772171931692169e-09
2.5767905731821578e-11,7.498456204537351e-11,1.3800277868497739e-10,2.1479862750128713e-10,3.0596761450122276e-10,4.2179701752804445e-10,5.637999134256693e-10,7.410461377780393e-10,9.852757619089797e-10,1.2782637455028461e-09,1.6205091469768887e-09,2.046958057897499e-09,2.6089168877682077e-09,3.4163427185658065e-09,4.649860177998617e-09,6.63922148261184e-09,1.0053356032401636e-08,1.768831395052836e-08,4.069042239040405e-08,1.576529604181236e-07,4.7423708322124156e-07,2.1946535565045308e-05,0.999973842856315,2.6874434750323305e-06,4.054100584027407e-07,1.275742086209765e-07,6.027943336455347e-08,3.867448133773751e-08,2.8629405694159086e-08,2.2847330756749494e-08,1.886586092013492e-08,1.5948815121812268e-08,1.3849201949294797e-08,1.2254037434065033e-08,1.1002448618727848e-08,9.882323165989367e-09,8.93220549434397e-09,8.123738583323236e-09,7.450898477938647e-09,6.881268418336781e-09
2.538324731539947e-11,7.40401666503364e-11,1.3616417103903022e-10,2.1168381611184065e-10,3.0114113827842716e-10,4.1447734326417473e-10,5.530702174024699e-10,7.255702707114264e-10,9.622061167980759e-10,1.2452256663096309e-09,1.5750959504118154e-09,1.9849641839332547e-09,2.5230834641041323e-09,3.2918124790436294e-09,4.456504317902993e-09,6.3123266473587664e-09,9.442331977358463e-09,1.6197206018546563e-08,3.485887309152222e-08,1.0577949554084464e-07,2.4813268718979816e-07,7.945203844452672e-07,3.625363374192764e-06,0.9999938622963387,8.055525214024296e-07,1.7529690132518542e-07,7.212226061775254e-08,4.434877669459406e-08,3.223678880387858e-08,2.5464385606294487e-08,2.0856265501562748e-08,1.751066010797436e-08,1.5127885497107667e-08,1.3330931357243997e-08,1.1929385867298228e-08,1.0674332123335829e-08,9.613663343696265e-09,8.714639978939735e-09,7.97003914729215e-09,7.342284387168952e-09
2.41937969014438e-11,7.113566868092172e-11,1.305366079967647e-10,2.0218808799190256e-10,2.8647563921803845e-10,3.923206385913501e-10,5.207060535992493e-10,6.790629166877735e-10,8.932871189174961e-10,1.1469992050466203e-09,1.4404738198081952e-09,1.8015910549470925e-09,2.2697556732572224e-09,2.925880781870167e-09,3.893396246509355e-09,5.37638253557583e-09,7.74291102272123e-09,1.2334751941590995e-08,2.243613993637004e-08,4.479655975060875e-08,7.36835847845739e-08,1.3166474245954867e-07,2.61522993972746e-07,1.2965744123643708e-06,0.9999971283873434,5.678545203860356e-07,1.2128604984121593e-07,6.631246701482463e-08,4.6115245358721724e-08,3.55965340138985e-08,2.8570524869633668e-08,2.3549543521997258e-08,2.006912575402338e-08,1.749008022746102e-08,1.5504682970207602e-08,1.3712037414738915e-08,1.2208552199265361e-08,1.0948894198690858e-08,9.921444419236516e-09,9.066279578826075e-09
2.1543481035640253e-11,6.47792955533731e-11,1.1842117919977981e-10,1.8204047455033888e-10,2.5576389443967906e-10,3.465946493775877e-10,4.5487321967328917e-10,5.859063077385907e-10,7.581059016026241e-10,9.580245275614923e-10,1.1856947338408685e-09,1.4602142504227567e-09,1.8068991022330148e-09,2.274518100078637e-09,2.9292355501773586e-09,3.8652765302508146e-09,5.22581171868843e-09,7.475303944305231e-09,1.1290158789959318e-08,1.7166218152258993e-08,2.363235541998211e-08,3.3799162485203265e-08,5.134161467435375e-08,9.803193032304486e-08,3.270866356570638e-07,0.999996577385572,1.5732112049805556e-06,4.5321595958132934e-07,2.1725339653371258e-07,1.442138271781266e-07,1.0079333781759968e-07,7.350434733902974e-08,5.7729797122399655e-08,4.7247331079451044e-08,3.98261184908577e-08,3.302238144738615e-08,2.7643872342995627e-08,2.348024518404731e-08,2.035973656906463e-08,1.792855117160983e-08
2.063701512282224e-11,6.264161261206176e-11,1.1440841692106459e-10,1.7545709268884482e-10,2.458498753803862e-10,3.320314664459395e-10,4.3418282159123715e-10,5.570368706553016e-10,7.169963610787904e-10,9.015486968917263e-10,1.110685204110267e-09,1.3612226281598616e-09,1.6749834717446746e-09,2.09320156370961e-09,2.6697865157461418e-09,3.4781145258756165e-09,4.623962701959807e-09,6.4444548464111445e-09,9.3686777945952e-09,1.3621182981979664e-08,1.824854303060555e-08,2.528889653845221e-08,3.69159187916089e-08,6.381017077190185e-08,1.5219705290724113e-07,6.737209636945263e-07,0.9999629973202658,3.223287507466325e-05,2.0085099240779566e-06,6.469421894807768e-07,3.6732239239174875e-07,2.0523757673270017e-07,1.3787295092853124e-07,1.0166365171598041e-07,7.952202159973277e-08,6.022722398070727e-08,4.671466760628668e-08,3.733592087668239e-08,3.0941546231774645e-08,2.629321465380102e-08
2.054497805076182e-11,6.242537305952384e-11,1.1400381694979206e-10,1.747951083391218e-10,2.448552623909975e-10,3.3057414740915354e-10,4.321173055092679e-10,5.541619297281655e-10,7.12917100704636e-10,8.959617944901056e-10,1.1032817170207762e-09,1.3514727553306976e-09,1.662021624474789e-09,2.075447941606644e-09,2.6445198365970964e-09,3.4407147176529967e-09,4.566493426830391e-09,6.347947893059083e-09,9.194181090484014e-09,1.3309568277727336e-08,1.7780615091303136e-08,2.455530065206034e-08,3.568287928364268e-08,6.101903467052158e-08,1.414570823389298e-07,5.697934173048519e-07,3.299200757101386e-05,0.9999586888023096,5.11731987086869e-06,1.0304539832275888e-06,4.5675428980244773e-07,2.412241171020547e-07,1.5714949493733523e-07,1.135354010619164e-07,8.745984733949135e-08,6.519725583182238e-08,4.99297793036808e-08,3.9530964014299306e-08,3.2543186167784504e-08,2.7512378565859616e-08
2.0299444778169298e-11,6.184838400911802e-11,1.1292385328616461e-10,1.7302713962164805e-10,2.4219690885931374e-10,3.266762061250557e-10,4.265876369732352e-10,5.464576357495709e-10,7.019770289296266e-10,8.809612604021372e-10,1.083371903181156e-09,1.3252037257676007e-09,1.6270268333324705e-09,2.0274177322598525e-09,2.576032294339606e-09,3.339157501820857e-09,4.410233224622532e-09,6.085669648335235e-09,8.720924745861643e-09,1.2465751790160754e-08,1.6505410415940045e-08,2.253548243326424e-08,3.222700374834784e-08,5.317606732440385e-08,1.1227862541624297e-07,3.2215783636031787e-07,7.829557318513372e-07,4.643316051287911e-06,0.9999412203414488,5.085316407319577e-05,7.912646058248291e-07,3.632172289330425e-07,2.2073925275908567e-07,1.51758139050259e-07,1.1257123928517461e-07,8.027163413819962e-08,5.939038642903523e-08,4.584641601435451e-08,3.708313733668115e-08,3.093514973225593e-08
2.0240743131182407e-11,6.171058365000839e-11,1.1266616575065321e-10,1.7260560520920683e-10,2.415634711139655e-10,3.2574805275836645e-10,4.252718200693015e-10,5.446256109338539e-10,6.993782345809195e-10,8.774009176741755e-10,1.0786492288416654e-09,1.3189763905528193e-09,1.6187372866909813e-09,2.0160536253550766e-09,2.5598565244952697e-09,3.31522925127022e-09,4.373546630379251e-09,6.02446694453637e-09,8.611483088488917e-09,1.2272594398096647e-08,1.621516539923389e-08,2.207867296064514e-08,3.1450862357115963e-08,5.146691288838568e-08,1.0650661249552094e-07,2.909296224206064e-07,6.064131498891647e-07,2.7962701225913544e-06,4.97498400846691e-05,0.9999442362507747,8.517659267383778e-07,4.0363968150550284e-07,2.4099144903887723e-07,1.6364564104301384e-07,1.202896524791738e-07,8.466193603107019e-08,6.205509502121841e-08,4.7578933087833565e-08,3.830606467766574e-08,3.1846646687514846e-08
1.9395836197696634e-11,5.973273544058906e-11,1.0897611472343615e-10,1.6657959749867695e-10,2.3252085903206884e-10,3.1251869216016054e-10,4.06540957046173e-10,5.185810458482286e-10,6.625184750582311e-10,8.269981003637245e-10,1.0118751258518688e-09,1.2310284883299252e-09,1.5018311517966517e-09,1.8561851459201207e-09,2.3332670848126278e-09,2.9823200631112512e-09,3.868181936743511e-09,5.195971712858916e-09,7.1685543471298725e-09,9.802400290872053e-09,1.2561540962191357e-08,1.64470853777902e-08,2.219858404046095e-08,3.2643709408043565e-08,5.3505315077338846e-08,9.377921165733715e-08,1.483292128513911e-07,2.3339092822184895e-07,4.257180927415568e-07,9.571048149541252e-07,0.999970960105245,2.253813524925463e-05,2.6478606210599977e-06,8.423985437786174e-07,4.2552684947070545e-07,2.1896840237388472e-07,1.2952845181405215e-07,8.642565998214104e-08,6.382224501917593e-08,4.9892272383709566e-08
1.9283659088139855e-11,5.947006318105448e-11,1.0848600869945723e-10,1.657799444531655e-10,2.3132072898052934e-10,3.107643406076653e-10,4.040612171444121e-10,5.151398428806074e-10,6.576624863459288e-10,8.203736837578673e-10,1.003114190357065e-09,1.219510523095573e-09,1.4865582735058804e-09,1.8353809646324909e-09,2.3039560245420442e-09,2.9396304844457113e-09,3.804161963490263e-09,5.093148011378627e-09,6.994858843048757e-09,9.51542432866616e-09,1.2146056769067325e-08,1.5824571734704087e-08,2.121827609572951e-08,3.083178340698793e-08,4.941601902359484e-08,8.360868418161972e-08,1.2822216897092586e-07,1.9613723118817601e-07,3.430276375173656e-07,7.655587077944364e-07,2.338318722612424e-05,0.999947401654597,2.4814057754285834e-05,1.556098787224509e-06,5.381720704780723e-07,2.576507390240975e-07,1.4553321292687174e-07,9.462173716219839e-08,6.884539840225362e-08,5.3262043507104505e-08
1.9155021906745846e-11,5.916973474105992e-11,1.0792692677624485e-10,1.6486860781342537e-10,2.2995490121365948e-10,3.087694656920216e-10,4.0124132961547246e-10,5.112257982429728e-10,6.521400998386552e-10,8.128411678013468e-10,9.931521973749865e-10,1.2064119559403045e-09,1.4691856567064247e-09,1.811714171558463e-09,2.2706221184966816e-09,2.8911294164009756e-09,3.731563034798237e-09,4.9769720184802115e-09,6.79971326433841e-09,9.195075472261065e-09,1.1683678581565578e-08,1.5134617292445093e-08,2.0137825634406963e-08,2.8866891238508928e-08,4.513481144472523e-08,7.35440643499514e-08,1.0912198515551718e-07,1.6121816325197988e-07,2.6549315397113035e-07,5.08402593891671e-07,1.7893404340846157e-06,2.6754945587474256e-05,0.9999652837691182,3.5369401760149247e-06,6.546728063424385e-07,3.0100396994885965e-07,1.6438933299762804e-07,1.042249944659318e-07,7.469571488709221e-08,5.7175213347897964e-08
1.8729554725768283e-11,5.817859692391201e-11,1.0608549657539989e-10,1.61872145609617e-10,2.2547088394534856e-10,3.022315000031716e-10,3.920152366598784e-10,4.984431948376638e-10,6.341500174809515e-10,7.883595168388668e-10,9.608406060533987e-10,1.1640195368350882e-09,1.41310767280746e-09,1.7355891152077138e-09,2.163922792456128e-09,2.736883895275749e-09,3.5026633772157743e-09,4.615449264409494e-09,6.203419223987181e-09,8.235707821780085e-09,1.031852613571097e-08,1.3133708954069597e-08,1.7078452628444655e-08,2.3546516002750657e-08,3.4455165969079876e-08,5.122493285936838e-08,7.059646982387754e-08,9.659402573708792e-08,1.4180586026880026e-07,2.418711674291576e-07,4.494729705179986e-07,7.871146453835753e-07,3.2878715399918448e-06,0.9999617625298685,3.178922112680894e-05,6.046242196413401e-07,2.609430244647406e-07,1.4735889344242058e-07,9.94580470609948e-08,7.315603525356039e-08
1.8690068407788606e-11,5.808675835156955e-11,1.0591510720715055e-10,1.6159521069580443e-10,2.2505689038045854e-10,3.016285805402133e-10,3.91165408889811e-10,4.972672484280968e-10,6.324979939266239e-10,7.861151011239064e-10,9.578825898487128e-10,1.160144538334332e-09,1.4079910736955878e-09,1.7286610381773083e-09,2.154247098491285e-09,2.7229662073117085e-09,3.4821481585766464e-09,4.583383302562168e-09,6.151300156505041e-09,8.153207202232951e-09,1.0202424944560811e-08,1.2965929211220654e-08,1.6826758735282916e-08,2.3124240077274994e-08,3.3659875464796043e-08,4.970197842190745e-08,6.812750149713826e-08,9.269746753793838e-08,1.3494627785898947e-07,2.2726543923615058e-07,4.1688783214220174e-07,7.193565481048255e-07,2.4820216468679607e-06,3.06880302095852e-05,0.9999637413824133,6.431759268435822e-07,2.729744822377024e-07,1.5223590850838586e-07,1.0214854141516016e-07,7.485780287844416e-08
1.7378052324521594e-11,5.505363836577404e-11,1.0031799030994297e-10,1.5254232623727338e-10,2.1158238277037404e-10,2.8209993253540064e-10,3.637746480913926e-10,4.5956741918264395e-10,5.799007986455754e-10,7.151276193904057e-10,8.648981453002835e-10,1.0391193891748137e-09,1.2493603179712536e-09,1.5158653778109938e-09,1.8606714360457995e-09,2.3073869702128966e-09,2.88188388256628e-09,3.6722636869820485e-09,4.726473243544437e-09,5.989378364479006e-09,7.244533131434582e-09,8.840403080049619e-09,1.09116128471259e-08,1.3895230425348677e-08,1.80960677749596e-08,2.3459343164372086e-08,2.9129248580885456e-08,3.61565707087363e-08,4.613202949208913e-08,6.183008894243291e-08,8.511707531470752e-08,1.1873502592832197e-07,1.838030864363515e-07,3.54629017769574e-07,1.1601386779297708e-06,0.9999945917294555,2.075995321227768e-06,6.213575981513319e-07,3.2444481252782985e-07,1.9613495789658983e-07
1.6589254048377293e-11,5.3249268590142335e-11,9.701977172576211e-11,1.472536504823446e-10,2.0377035168074386e-10,2.7087455663558783e-10,3.481744490766445e-10,4.383135490803517e-10,5.506085787356131e-10,6.760555352218448e-10,8.142874682179817e-10,9.73989350558503e-10,1.1650305708829565e-09,1.404388974800051e-09,1.709714108294097e-09,2.0987703576454793e-09,2.589596231521864e-09,3.247466651384929e-09,4.098768666202443e-09,5.091147033442564e-09,6.067837264822038e-09,7.280964777441044e-09,8.812443330126908e-09,1.0923900603302112e-08,1.3746720186685311e-08,1.7198734214260354e-08,2.0836881837726783e-08,2.526811277764703e-08,3.127418283830463e-08,4.009035418575889e-08,5.252590075885108e-08,7.010142375264562e-08,1.0069561954542757e-07,1.642751581552316e-07,3.6956985154454613e-07,1.1556969125196674e-06,0.9999489293348301,4.5953390933409924e-05,2.2632015940296523e-06,7.271240698426955e-07
1.654767228920815e-11,5.3154446579372216e-11,9.684691832122053e-11,1.4697712196863874e-10,2.0336262445207106e-10,2.702899426494901e-10,3.4736419988110754e-10,4.372130063408739e-10,5.490970534759642e-10,6.740463860740746e-10,8.11693179346293e-10,9.706604117694415e-10,1.160731818584039e-09,1.3987244882418349e-09,1.702078148624665e-09,2.088290897066808e-09,2.575055557831539e-09,3.226646400147549e-09,4.068605926281757e-09,5.048783026625494e-09,6.013033743393e-09,7.209357198412125e-09,8.717617025622263e-09,1.079279134765475e-08,1.3560773947240054e-08,1.6939353072991698e-08,2.0499994048135837e-08,2.483270982387859e-08,3.0692750305305835e-08,3.926653244798672e-08,5.132700642995439e-08,6.833266335737151e-08,9.777269178566306e-08,1.5832760199937306e-07,3.489135330292442e-07,1.0122367308856603e-06,4.607717052768014e-05,0.9999482139893694,2.9611643497719234e-06,7.994115229809302e-07
1.5970259821427883e-11,5.1840919566010754e-11,9.44576444484726e-11,1.431605774075414e-10,1.9774344161471586e-10,2.622456336978995e-10,3.3623453382044306e-10,4.221179587945809e-10,5.284162928746687e-10,6.466286274418787e-10,7.76363992124351e-10,9.254361517729488e-10,1.1025386398726927e-09,1.3224612078785839e-09,1.6000770497908366e-09,1.949669538962504e-09,2.3849847024790376e-09,2.958655318945336e-09,3.6855586021838236e-09,4.51906062922442e-09,5.335577009547629e-09,6.3323148721944225e-09,7.565641525844439e-09,9.214183198430605e-09,1.134008911570159e-08,1.3871581117031353e-08,1.652086607813387e-08,1.9700530173676322e-08,2.3850155597227445e-08,2.9627631973433018e-08,3.736866046636369e-08,4.781243690859547e-08,6.457971175139398e-08,9.487956165328501e-08,1.64803078847976e-07,3.1421698577778487e-07,6.739179241116229e-07,2.06095153942146e-06,0.9999613938409888,3.493639423120671e-05
1.5840735776265657e-11,5.15451049050251e-11,9.391758632704262e-11,1.4229394806200503e-10,1.9646200721940497e-10,2.604034596952362e-10,3.336743868269838e-10,4.186276735359207e-10,5.236154424672231e-10,6.402386792923553e-10,7.680820200483398e-10,9.147836181885448e-10,1.0887768409811376e-09,1.3043955483418722e-09,1.5759288757633512e-09,1.916980127464595e-09,2.340466752578808e-09,2.8955070806937203e-09,3.596101568329841e-09,4.395156003239006e-09,5.177140753821451e-09,6.127111757495329e-09,7.296314714771935e-09,8.8497879268299e-09,1.0845787768248475e-08,1.320847810103336e-08,1.568488811336689e-08,1.8641044453040802e-08,2.2503513382614587e-08,2.7865211064342068e-08,3.50323346099989e-08,4.461546700266e-08,5.958426694414473e-08,8.542863672262866e-08,1.4186608282877207e-07,2.504887225941149e-07,4.772408643161586e-07,1.1550808229848408e-06,1.5736193698491877e-05,0.48120729465799267
