0.999504009068129,0.00012544550260193337,4.6485447921812386e-05,2.8593457767087232e-05,2.1851943051859027e-05,1.764183744371849e-05,1.4965842341099715e-05,1.3191727595256322e-05,1.1868346317853591e-05,1.0903537230939413e-05,1.0151613879119175e-05,9.574758529657905e-06,9.10834018083457e-06,8.70165881610754e-06,8.347765821158136e-06,8.040852140589541e-06,7.776593538596081e-06,7.546223361464338e-06,7.342460331104258e-06,7.160417253473581e-06,6.9977522631516455e-06,6.84990284302919e-06,6.7149511872196485e-06,6.590551152826612e-06,6.476141636071118e-06,6.370861525529369e-06,6.273847012187177e-06,6.183931932767543e-06,6.100757618232183e-06,6.022898163445288e-06,5.948980652087413e-06,5.878419178614142e-06,5.8115251397915e-06,5.7486680233783385e-06,5.688974827339101e-06,5.631710338157944e-06,5.576851676623766e-06,5.524010242075226e-06,5.472969127714896e-06,5.423965391422003e-06
0.00024625935616343655,0.9988892703872806,0.0003083640487005673,8.324813945937372e-05,4.972358442363409e-05,3.5469732923254696e-05,2.8299470365004376e-05,2.3685723398166125e-05,2.0388433878485598e-05,1.8135198784297184e-05,1.6455058843157883e-05,1.5220559351508177e-05,1.425073544427596e-05,1.3416620001297037e-05,1.2702880889506329e-05,1.2094379948664095e-05,1.1580458504074007e-05,1.1139544036636653e-05,1.0754443005930785e-05,1.041439373519437e-05,1.0114023124769455e-05,9.84345428063676e-06,9.598487562055765e-06,9.374148546535326e-06,9.169347978844099e-06,8.982221846112193e-06,8.811016511983803e-06,8.653285666527312e-06,8.508323010386197e-06,8.373196442769743e-06,8.24539200708184e-06,8.123720720755628e-06,8.008762050266684e-06,7.901248146724852e-06,7.79952931908558e-06,7.702161423552849e-06,7.609140259090322e-06,7.519753758382604e-06,7.433614478525864e-06,7.3510841238898165e-06
4.6276523984990985e-05,0.0005586630560854768,0.997706046784079,0.0007747624697939863,0.00020653842445108195,9.507903985158499e-05,6.510323442627325e-05,4.8050563150889096e-05,3.772743223123519e-05,3.1635419454910195e-05,2.7517657197367105e-05,2.471700192705861e-05,2.261919374006534e-05,2.0868871553251225e-05,1.941265224986923e-05,1.8202605802630177e-05,1.7206299697955134e-05,1.6369766067775298e-05,1.5652295258474454e-05,1.5028884218062246e-05,1.4485785089333485e-05,1.4002070611305207e-05,1.3568611024116049e-05,1.3174988241694577e-05,1.2818836770556684e-05,1.2496078608659946e-05,1.2203464934448749e-05,1.193570443621667e-05,1.1691347131370036e-05,1.1465095419747727e-05,1.1251716240625948e-05,1.1049179764786451e-05,1.085878882079073e-05,1.0681547670318758e-05,1.05145796454526e-05,1.0355247421828502e-05,1.0203428287634779e-05,1.0057922011347811e-05,9.91804229619172e-06,9.78444782112809e-06
3.6232456081367376e-05,9.082773607580284e-05,0.0012371976018839205,0.9959350363419962,0.0016298347369984125,0.00019683872469278426,0.0001220038585843414,8.134699568809978e-05,5.957683161274929e-05,4.782573897775417e-05,4.017498865820788e-05,3.524870354216106e-05,3.171225431578739e-05,2.8797679244912187e-05,2.639292215823809e-05,2.444842280906063e-05,2.288579318413896e-05,2.159569179657605e-05,2.0501979084012225e-05,1.955909615052222e-05,1.8746808497371455e-05,1.8027743110408662e-05,1.7387631889655988e-05,1.6810354759342498e-05,1.6290613431318367e-05,1.582367802043723e-05,1.540201492627347e-05,1.5018258387897864e-05,1.4670327651195989e-05,1.434903340621616e-05,1.4046474357057122e-05,1.3760083637420271e-05,1.349100936713462e-05,1.3241740134378828e-05,1.3007405875563538e-05,1.2783934164285585e-05,1.2571426848296486e-05,1.2368159372503793e-05,1.217296530279394e-05,1.1986840060399163e-05
2.1101721973347134e-05,5.365043389583618e-05,0.00021256698814052716,0.0023134722658107775,0.9953860661515078,0.0007190749080850801,0.0002783007200316352,0.00014677855952590423,9.446245363002552e-05,7.048082721134046e-05,5.6425012189292445e-05,4.8075233101122094e-05,4.236747392139742e-05,3.7792631438301806e-05,3.409144084358713e-05,3.118190262581421e-05,2.888673445622742e-05,2.702839204454487e-05,2.5473579880619534e-05,2.4149409855691126e-05,2.3018569066104473e-05,2.202635543565275e-05,2.1148908639098643e-05,2.0362855202470725e-05,1.9659684478534788e-05,1.903082922966287e-05,1.846713031319115e-05,1.7956553881336685e-05,1.7495847306042424e-05,1.7071963884817228e-05,1.667386627349383e-05,1.629727419032706e-05,1.59448804976529e-05,1.5619405796359776e-05,1.5314240036480143e-05,1.5023573641967368e-05,1.474801437063497e-05,1.4484506259050105e-05,1.423203593900079e-05,1.3991720424199475e-05
6.868531479980286e-06,1.435058577447893e-05,2.6750056202889896e-05,4.902603107036263e-05,9.631411343212859e-05,0.00020884179133287117,0.0010307751356154965,0.8947162914018862,0.09759582479569699,0.0028717956079325,0.0006001712332460655,0.0004163559920699856,0.0003300974375216879,0.0002576622444698377,0.00019458419743383434,0.00015731682557867824,0.00013246551497791045,0.00011456634687133428,0.000100970116978587,9.031229811752367e-05,8.19852232413755e-05,7.509372980190356e-05,6.93230900754972e-05,6.437275214119816e-05,6.017795330299353e-05,5.66022248723573e-05,5.3552327596450304e-05,5.089683464707786e-05,4.85916228915889e-05,4.6524413136856476e-05,4.462253224096292e-05,4.2846150367836505e-05,4.122114454080054e-05,3.9759529814775036e-05,3.8416749237052316e-05,3.7157548936603824e-05,3.598174573074149e-05,3.4871307060058436e-05,3.382027050561188e-05,3.283764157725156e-05
1.1486007999477864e-05,2.805971430264641e-05,6.287332183130432e-05,0.0001521984009818564,0.0011002555105737737,0.9685519442288303,0.027812704099667403,0.000671346200864856,0.0002785377866341634,0.0001710969873106712,0.00012050206241048565,9.579330245641894e-05,8.057404895749555e-05,6.885311625148153e-05,5.971575704104689e-05,5.2952736636241836e-05,4.7899768706263563e-05,4.3952394057556465e-05,4.0746318878722465e-05,3.8077690840791963e-05,3.584875497879279e-05,3.392345254646748e-05,3.224908848799328e-05,3.076329802120397e-05,2.9452737811960933e-05,2.829639994699492e-05,2.7272958767935703e-05,2.635544741614798e-05,2.553735725583663e-05,2.4788636971726555e-05,2.4089053635870674e-05,2.342895098991092e-05,2.2813773123371095e-05,2.2250489070930654e-05,2.1725279136646583e-05,2.1225940777793864e-05,2.0754228136578908e-05,2.0305297033141203e-05,1.987573534874937e-05,1.9468717893553503e-05
1.1020718870439892e-05,2.6660654626424674e-05,5.8343520641888374e-05,0.00013390748295262765,0.0006879058850450668,0.028889314881728485,0.9676384860852906,0.0008408688634310464,0.00031284169246893864,0.0001867479268365363,0.00012941098137835228,0.00010210579727095524,8.550296125874965e-05,7.274139803550374e-05,6.282410763889814e-05,5.551944586633603e-05,5.0110028209057906e-05,4.589301154443158e-05,4.247307234300463e-05,3.9638293125263586e-05,3.72741028849701e-05,3.523558824158617e-05,3.346333806014471e-05,3.189447341494398e-05,3.0511923181813984e-05,2.9292639375910418e-05,2.8214613734297664e-05,2.7250026969270003e-05,2.6390555457432047e-05,2.56051013745007e-05,2.487014127020557e-05,2.417703830159865e-05,2.3532582233873582e-05,2.2941974369215736e-05,2.2391652147816563e-05,2.186879568026496e-05,2.1374867691679065e-05,2.090449696615228e-05,2.045514385247761e-05,2.002918862910861e-05
5.6401095854555444e-06,1.1180517707690148e-05,1.9622375933826074e-05,3.382185981268704e-05,5.887839371013365e-05,0.00010477754946179161,0.0002569963463925772,0.0007134518216899897,0.0024318956022438888,0.7456370423557123,0.19519920528782878,0.03752036995902705,0.012645038998425421,0.0016438474904891566,0.0006444687198477303,0.0004114974606073133,0.0003172029560048285,0.00025924684664000596,0.000217735872153359,0.0001866074551380935,0.00016362560060980812,0.0001451215187858365,0.00012998202520540466,0.0001173650469049039,0.00010703578406027749,9.853588533634051e-05,9.14922722768806e-05,8.55164912752284e-05,8.044835841639083e-05,7.59870653847595e-05,7.191582369618234e-05,6.815343946358194e-05,6.475545208248856e-05,6.175090019481249e-05,5.903154849788182e-05,5.651096478540775e-05,5.41818051259738e-05,5.2007471331303365e-05,4.996624155759156e-05,4.8083374648987486e-05
5.488294574959869e-06,1.0796961963345176e-05,1.8780924657078115e-05,3.203198043830221e-05,5.4815051744579354e-05,9.476987915944289e-05,0.00021436086879384898,0.0005182202343175023,0.0013161947929424904,0.004045673948316617,0.00869681502229086,0.30182806673811946,0.6768410694687843,0.0022096663164376707,0.0007576455572846897,0.0004608275545521157,0.00035163921889167985,0.0002862122108030143,0.00023981857451249938,0.00020492522018113882,0.00017924805287505052,0.00015860332013243415,0.000141624338643102,0.00012749231194803893,0.00011595943619905235,0.00010650228483309075,9.868560904667255e-05,9.206137049689889e-05,8.646352940780214e-05,8.153523075647296e-05,7.70275418775878e-05,7.287787593381505e-05,6.91218781778132e-05,6.581417960845151e-05,6.282253460249612e-05,6.0050286320768075e-05,5.749264420524245e-05,5.510728379359875e-05,5.2873094696494495e-05,5.081342554822444e-05
4.532407833771722e-06,8.487944520709082e-06,1.3978466511662787e-05,2.2364525867320993e-05,3.506586847186093e-05,5.3007362560892966e-05,8.69995663425198e-05,0.0001460058179408148,0.000231836049718304,0.00036597727413912364,0.0004920974554008982,0.0007723952698633518,0.005473702248849591,0.969599610880013,0.014422376376321681,0.0015511301080167316,0.0010962441780102588,0.0008430071592202895,0.0006490109483789689,0.0005142072638979565,0.00042728211226965404,0.0003621423948550961,0.00031086558424793287,0.000269829170965026,0.00023845282307918066,0.0002141191517193221,0.0001949721776736933,0.000179183362724499,0.000166134521479925,0.00015466345220847767,0.00014404880278441514,0.0001341795109589938,0.00012530562916548271,0.00011761121677997362,0.00011075866102516653,0.00010444695251815335,9.86626010840828e-05,9.328517863607201e-05,8.827599947294326e-05,8.373857095375895e-05
6.72085653886011e-06,1.4233150278473336e-05,2.6193013686329642e-05,4.677577520074195e-05,9.016453960756703e-05,0.0001934119193069677,0.0010626254729534912,0.0996361219789373,0.8915034559924939,0.003503250767376525,0.0008779324708249296,0.0005278832107793765,0.00039394890399404713,0.00028178436446162867,0.0002060711222514554,0.00016310814670070283,0.00013648491092040465,0.00011783822836961865,0.00010383534787975442,9.286442158939604e-05,8.425804880617441e-05,7.71310469813174e-05,7.119511153736096e-05,6.610947999531044e-05,6.180077064121798e-05,5.814134019885922e-05,5.5005952897708154e-05,5.227814758187332e-05,4.991499797622543e-05,4.779762406845135e-05,4.5835874014019874e-05,4.40092278128862e-05,4.233171067348189e-05,4.0826862944509075e-05,3.9441905920851075e-05,3.814065039624204e-05,3.692432963317847e-05,3.577869854149668e-05,3.469244222998499e-05,3.367623275355031e-05
4.205582642121415e-06,7.738313575939315e-06,1.2509716965785591e-05,1.9583359217497902e-05,2.994789437178787e-05,4.3810207214785345e-05,6.719448022147781e-05,0.00010492105451696072,0.00015852016270668376,0.0002417741641566528,0.0003390111263835574,0.0005348475436006546,0.0015201359996924522,0.007200198745926385,0.7359039952312237,0.2061676054668555,0.027788948393674986,0.008121561405331877,0.003403019276758561,0.0018511124416903005,0.0011865174645188524,0.0008356385500145587,0.0006290136155765764,0.0004949510725360079,0.00040769898311758296,0.00034845614091195205,0.00030639129194319405,0.000274383616752777,0.0002494673830379959,0.000228347541245768,0.00020920214927130863,0.00019174870842805842,0.00017645933959667016,0.000163550651941695,0.00015231892346156712,0.00014206722999088588,0.00013282486988958653,0.00012433379836529568,0.00011649126737515352,0.00010949188119606993
4.163185504903145e-06,7.642430146898014e-06,1.2324594115761837e-05,1.9237439137282224e-05,2.9324655765905793e-05,4.2728826479848685e-05,6.501396485194401e-05,0.00010065328734967425,0.00015099500911201294,0.00022898434067246376,0.0003215004957350416,0.0005033770105101544,0.0013269840330899553,0.004739710363615787,0.2164509346628757,0.6114789122806095,0.1292493436906556,0.020063273076960764,0.0053675667720035685,0.002501677513613697,0.0014865392435840798,0.000996551761198095,0.0007266068042750583,0.0005570005542638722,0.00045135430650272235,0.00038110177395334755,0.000332246909605129,0.0002955157439857421,0.00026738567895080435,0.0002436988108386248,0.00022241374651696484,0.00020313491622432698,0.0001863672887917201,0.00017224804887793673,0.00016005704034381576,0.00014900041472615852,0.00013902668712721726,0.00012989556824271172,0.00012149244677619903,0.00011400966822836701
5.5590579110117595e-06,1.1203347147137719e-05,1.955305467731255e-05,3.320355962733564e-05,5.684760606843736e-05,0.00010140677699817028,0.0002639709236345788,0.0006482481299352417,0.0025973988409661725,0.22195213842036315,0.6768584742987276,0.08226935520519009,0.009791609930738264,0.0015702142941201394,0.0007023156810383808,0.00043800387348440293,0.0003287021597781897,0.00026420719321970876,0.00021998207081726958,0.0001876553418525421,0.0001636124240165305,0.00014465303877419353,0.00012944696969556266,0.00011687560410176496,0.00010662807367459169,9.820566076037464e-05,9.125000819499565e-05,8.534252278647418e-05,8.035683668021796e-05,7.595454462927194e-05,7.192062721771779e-05,6.819590215981297e-05,6.48351109632032e-05,6.18617805362071e-05,5.916919868907002e-05,5.666093249641668e-05,5.434618441801857e-05,5.218755687309936e-05,5.015932425380757e-05,4.828298126705006e-05
5.481753790904351e-06,1.100631570223891e-05,1.91332733663995e-05,3.235015125644609e-05,5.495638004419696e-05,9.673316343047161e-05,0.00024181853688091294,0.000571181006934774,0.0018401451250229202,0.018793708094395612,0.11384217080127605,0.5721299263508349,0.2863587257014229,0.001898990222579275,0.0007957243484399444,0.00047900527770932804,0.0003552817595728016,0.00028384550180517035,0.00023506531871219253,0.00019951600262138884,0.00017341187864494562,0.00015275291734011135,0.00013634236813993042,0.0001227934390531225,0.00011177202857663341,0.00010273841039435781,9.531482790996269e-05,8.901699790001882e-05,8.370884366246359e-05,7.904212219774616e-05,7.475676370922455e-05,7.080854608066662e-05,6.724270362384917e-05,6.409721803734297e-05,6.125216095267163e-05,5.8604206450852565e-05,5.616400546786751e-05,5.3884673419202523e-05,5.174975380457071e-05,4.97760972226922e-05
3.7842766508851195e-06,6.793763924555342e-06,1.0703720044038568e-05,1.6244739142769928e-05,2.4002641929488564e-05,3.368929652497042e-05,4.788556179678571e-05,6.842387458476151e-05,9.542723462602037e-05,0.00013427744708322545,0.00018187865966377657,0.00025668141255120634,0.00041260623229782457,0.0006782537826282437,0.0010136052202557755,0.001546899293866168,0.0028361234456192545,0.007363051180996441,0.16372377494332566,0.758493303363594,0.04217192125605042,0.007875144857513344,0.003434003538953505,0.0020566226095970032,0.001399557762138965,0.001024713081267736,0.0007963868487087011,0.000649998063524292,0.000551784532302121,0.0004757420009070829,0.0004124612691404647,0.00035990829885856066,0.00031724435677068434,0.0002841050175194279,0.00025690597736259,0.00023335460056795644,0.0002131501332114836,0.00019519722335182828,0.00017908853782059575,0.0001652949884091205
3.64896346760271e-06,6.4973265130332075e-06,1.015099463219496e-05,1.5250013573087974e-05,2.2288705312966947e-05,3.09058824910756e-05,4.303072722409802e-05,6.001669626816411e-05,8.18283880812659e-05,0.00011242409467068349,0.00015001877288981077,0.00020664114846415788,0.0003085116953909458,0.00046455966720860534,0.0006393162653483629,0.0008980752610708065,0.0014673195193330533,0.002637484230376045,0.005406545904440699,0.04161280104358781,0.7051961183567709,0.21501828086178731,0.010020677610358913,0.003910155800944317,0.002619410497697359,0.0018063866599243856,0.0013254651211574299,0.0010244415390357278,0.0008376928280609993,0.000694097830731897,0.0005789585828114363,0.00048822220071435455,0.00041821587077775464,0.0003656700774049066,0.00032439394222648403,0.0002896521791176192,0.0002606702261804458,0.00023547839450968846,0.00021360656329071233,0.00019508460094720445
3.3172775942360094e-06,5.786331002439929e-06,8.854410338651831e-06,1.2973487140450346e-05,1.847065402160115e-05,2.4917666880559e-05,3.321790046529026e-05,4.403181070325311e-05,5.7142604601741925e-05,7.45260032173506e-05,9.579370972484393e-05,0.00012577186993864594,0.0001696179001240286,0.0002255937917317661,0.00028232104671015276,0.00035414416522149775,0.0004712972455993237,0.0006733949568419188,0.0010238058286546664,0.0016056412200907782,0.0024299962723815134,0.004210930816962051,0.05487291716661159,0.316409458364009,0.4630709433638598,0.10529723238890053,0.022041248984183144,0.008516193496282794,0.005309949103990118,0.0032851493318642798,0.0022453235327327204,0.0016623656455986848,0.0012402763736859498,0.0009660846399027073,0.0007784634218233752,0.00063777396526224,0.0005348274595009346,0.0004533661202692905,0.00038851783502923646,0.00033835688056976955
3.2469806041063026e-06,5.638260463923727e-06,8.589317598486788e-06,1.2517275615404067e-05,1.7722024496088894e-05,2.377531123979995e-05,3.143424721830871e-05,4.127398368573684e-05,5.3046116989651304e-05,6.846307785731939e-05,8.724138480300031e-05,0.00011336452009483881,0.0001505918033375092,0.00019687666362293177,0.00024376060745900436,0.00030165667867748365,0.00039029171754269623,0.0005329375966851947,0.0007672710739529795,0.001145954590013813,0.0017212364084115107,0.002379317702739051,0.004773846278917713,0.014489654985715332,0.13021986887405873,0.5123079267651063,0.2400909493121874,0.053175970788676766,0.017792029501276698,0.006204799386852421,0.0034224430129390546,0.002417738307855233,0.0017056479692137204,0.0012725813825743126,0.000996459207786979,0.000794145139337556,0.0006514822783425282,0.0005418880919119851,0.0004555557563179087,0.0003908006616680462
4.061831059605108e-06,7.552867019490355e-06,1.2142447500510474e-05,1.8791707696402816e-05,2.8302904870227925e-05,4.087448289403843e-05,6.225013802530747e-05,9.710179891351154e-05,0.0001454923816359058,0.00021688760803062604,0.00029599312018447336,0.00042510690657555705,0.001005942941555449,0.0035724645524213357,0.018088061690570336,0.15341819072099297,0.6849592200952158,0.11892887500669873,0.007522582210319806,0.00287233168829554,0.0016755117033041133,0.001136086172289587,0.000845669348034753,0.0006535885644874891,0.0005288422913291245,0.0004418776785098554,0.0003802177316169378,0.0003339957337827795,0.00029925750885920655,0.0002700916681491733,0.00024409200833091433,0.00022112452293525,0.00020142022165163659,0.00018516719814152475,0.00017105459333802237,0.00015836650029711727,0.000147133824553976,0.0001369621057559297,0.0001277600716595904,0.00011954849868383917
3.99116093824203e-06,7.389729721001989e-06,1.1829920472057389e-05,1.82173106108118e-05,2.7286926398523126e-05,3.911580086325463e-05,5.8669096969649795e-05,8.98991993161695e-05,0.00013275104802771304,0.00019577075690686702,0.00026680420880489063,0.00037684994667715134,0.000764848002612637,0.0020721164594431785,0.005229244085940848,0.0159211375310403,0.13912951196533482,0.7994489188768309,0.022347155638130212,0.004123323437130739,0.0020963145991334162,0.0013851827355488007,0.0010275778294657647,0.0007785218735388882,0.0006201170723878163,0.0005109654755241253,0.0004346480611679752,0.0003778418765069092,0.00033624612579325565,0.00030147200277560413,0.0002707743988288798,0.00024389024106967534,0.00022087995910161426,0.0002021321773543841,0.0001860029492772502,0.00017152467345109564,0.00015881062338338406,0.00014738050635998607,0.0001370153920687356,0.00012786537114419658
2.959316183389884e-06,5.042800493065251e-06,7.54174954820408e-06,1.0749765056977583e-05,1.4876437712082958e-05,1.952740255026157e-05,2.5048764161086478e-05,3.175235049145528e-05,3.940854849116985e-05,4.893971543590203e-05,6.021200034420851e-05,7.51182402187504e-05,9.471343092091015e-05,0.0001175407260651096,0.00014124742178715338,0.0001684080739619003,0.00020314929820875713,0.00024852030485661577,0.0003086809279896951,0.0003904011331815929,0.0005096402597314595,0.0006688124937008505,0.0008930557452993154,0.0011899719857709034,0.001596311154829741,0.002107239117576631,0.0025371133696976754,0.002564997331029635,0.011303114715442888,0.20721696062113612,0.4364731476700461,0.2994217370172318,0.016351023142364755,0.004795442008999555,0.003203052901232467,0.0022763269331006262,0.0017443118065259915,0.0013247160606927166,0.0010124324780036449,0.0007967498230052332
2.939284043667459e-06,5.001985024596291e-06,7.4710537490574764e-06,1.0632536919637087e-05,1.4691050900012351e-05,1.9255015785596572e-05,2.4653116352754108e-05,3.118184798766228e-05,3.8617770647559635e-05,4.783432525178671e-05,5.8728533131856496e-05,7.304603195382834e-05,9.183735873182076e-05,0.00011362594924117013,0.0001362791475263149,0.00016226267135422272,0.00019508503437428478,0.00023755553868911415,0.00029324676478933586,0.0003678222787673674,0.0004752909047791929,0.0006186296847613005,0.0008173821224780737,0.0010836985707342436,0.0014495504612683622,0.0019164103884834634,0.00232487014725855,0.0022383367455128833,0.005858220061206748,0.04804636058802974,0.3410927538155172,0.5538682795150347,0.022155307440883135,0.005132285270739116,0.003375938134736284,0.002418135740624482,0.0018642996168619528,0.0014143917230319152,0.0010769191265609668,0.0008411676892948579
3.813372013227689e-06,6.983095202055134e-06,1.1058440477935813e-05,1.681347189535343e-05,2.4836326470311513e-05,3.495998002477386e-05,5.0636091913868e-05,7.433080231379461e-05,0.00010589042350888965,0.00015129296784222905,0.0002048921210636705,0.0002800199269462351,0.00044230758997054683,0.0008453116516410093,0.0014188584112397947,0.0026048256897292657,0.006127858764509301,0.03264987797262044,0.776508492431152,0.15900991399040493,0.007061785314122154,0.0028642749469335554,0.0018960939027956067,0.0013390209905898855,0.0010113624479218919,0.0007926015129096856,0.0006482310320984079,0.0005452503707984278,0.00047440516296250873,0.0004157403996631907,0.0003654031829245932,0.0003224790864210349,0.00028683079230722744,0.00025868725102877184,0.00023508188957425835,0.00021413013319588548,0.00019609139249488833,0.00018014932017785748,0.00016589875558781897,0.0001535036402535404
2.7631493872551936e-06,4.6471815413587905e-06,6.863495126887237e-06,9.638276979258582e-06,1.3137233726088991e-05,1.7009628931688084e-05,2.1442599688876108e-05,2.6646411944278103e-05,3.242833987848794e-05,3.939843255086922e-05,4.747773235124692e-05,5.779873471829417e-05,7.086452792682417e-05,8.568896446331471e-05,0.00010139855923598348,0.00011916097271936264,0.00014055825006638648,0.0001665506038467064,0.00019793659489885642,0.0002365164324669173,0.0002871034800695542,0.00035079068095549926,0.0004325001583773701,0.0005377520054705851,0.0006808526574802372,0.0008894317815652367,0.0011875453506148372,0.0015665024733173142,0.002209199726152374,0.0026889669822198975,0.001345481980403552,0.04642398674480051,0.6844581720673474,0.20549122091961314,0.030047112420533463,0.007747869346396478,0.005309586372187373,0.0032228451220224427,0.0021571069049307195,0.0015680417455778215
3.577914012247601e-06,6.454352498369276e-06,1.0073293794870403e-05,1.5054895245995651e-05,2.183624763828542e-05,3.0067582766652272e-05,4.182488296094501e-05,5.853023134103164e-05,7.985350155144538e-05,0.00010957104079324393,0.00014603877611851296,0.00019588729658450351,0.00027251898610751847,0.00040141239613022446,0.000520789528532362,0.0007311378044265302,0.0012896176233830044,0.002744666516997584,0.005549380778419214,0.015192445888920204,0.2178375685181033,0.7269445261864342,0.013267953427801479,0.002892170565256686,0.002302100269121735,0.0017209244843774411,0.0013240139701114612,0.0010529344721080171,0.0008849967263112466,0.000742102246065678,0.0006222855415417022,0.0005266767256642837,0.00045119820535703366,0.00039440920807503574,0.0003485830088867378,0.0003094899759028283,0.0002771536271772166,0.00024955374262737774,0.00022545832593506363,0.0002051562801199802
2.7179137224019564e-06,4.557347153188522e-06,6.711764041302822e-06,9.393727961973633e-06,1.276068096627836e-05,1.6473574061618387e-05,2.069171418087754e-05,2.5610921200831908e-05,3.10445576224681e-05,3.755039152184289e-05,4.5062034770859006e-05,5.4588990190025914e-05,6.655920386505194e-05,8.007859824827956e-05,9.448248575626329e-05,0.00011069445458781368,0.0001301412086742967,0.00015351927397531047,0.00018147608871841065,0.00021533109554836303,0.0002588532001935045,0.00031259198060947614,0.0003807451544379883,0.00046670879150676815,0.0005825802572147208,0.0007508670350542827,0.0010000580631878465,0.0013567710219643554,0.0019740476156662012,0.002742885911477968,0.003101306531847613,0.01149083536700463,0.19289097735930805,0.48225349780725063,0.24285858844864744,0.03402750589742901,0.012367238776858963,0.0050044757454985956,0.0028900559842876283,0.0019899580661238434
2.6901580304753834e-06,4.502388473428604e-06,6.619261424090507e-06,9.24514391613999e-06,1.2532616659435263e-05,1.614967714724257e-05,2.0241725990933594e-05,2.4991726802334972e-05,3.022240211183007e-05,3.6458491172169305e-05,4.363451495653194e-05,5.270253194283883e-05,6.402487040054264e-05,7.680510698572816e-05,9.042097748704682e-05,0.00010575746384199283,0.00012403557158489575,0.0001459552852933949,0.00017197364780391561,0.0002032115089118928,0.00024281730443336604,0.0002914972363774684,0.00035229856172678544,0.00042790365980050133,0.0005289289518271294,0.0006732276028314085,0.0008895910341261954,0.0012063514201785396,0.001746811936292491,0.0024850831950577897,0.0030563837815124955,0.0066008595225119536,0.049427407857845315,0.26041709634834176,0.5343491233098011,0.09867235263091306,0.02501479708573795,0.006677875216944389,0.003414684206450109,0.00228272910859832
3.357083899076127e-06,5.969224605261051e-06,9.188242423971638e-06,1.3510558023995013e-05,1.9268868974194206e-05,2.6039738399462494e-05,3.5087145680471096e-05,4.7281911900078754e-05,6.224468925105175e-05,8.241146542576044e-05,0.0001075261097663148,0.0001418940826546712,0.00018933872574910797,0.0002523105799555754,0.00030753528045368117,0.00038487540502812716,0.0005337418503317436,0.0008402522242529238,0.0014878217259552985,0.0027310325391255988,0.004554097176166935,0.015667351095395216,0.7266959669478571,0.19054705585464454,0.030874174975966343,0.007880251899742136,0.0038818551235340645,0.002570309063171563,0.0021056647059889163,0.0016266314919291976,0.001267523436540993,0.0010244670979987942,0.0008285077440016793,0.0006903002122449993,0.0005833015502710352,0.0004968672049492458,0.00042950932494527263,0.00037495727751015107,0.00032890747720859173,0.0002916079327657546
2.6216717800505225e-06,4.367555218103524e-06,6.393374682061907e-06,8.884291980112238e-06,1.1981697437348933e-05,1.5371313488882056e-05,1.9167136441469876e-05,2.3528285756502773e-05,2.82907392422814e-05,3.391048766080353e-05,4.033605811548438e-05,4.836084078655541e-05,5.8279470125296164e-05,6.937830350871738e-05,8.126362130352771e-05,9.461531773439058e-05,0.00011041060764945444,0.00012908892832853725,0.00015104075221755928,0.00017692099764274674,0.00020891300261588632,0.00024737985310205497,0.00029397755029164825,0.0003503134642560611,0.0004228618143967651,0.0005232487947726121,0.0006707540302847963,0.0008891447239890827,0.001255954827709563,0.0018058918335602282,0.002431055589367714,0.003389183189744876,0.005728204261128213,0.013837446336705623,0.11857738369635336,0.4691340948134062,0.35159077707606035,0.018891790037842658,0.0053994589392991135,0.0032379497560258296
2.605501528822871e-06,4.335841822450205e-06,6.340467559839276e-06,8.80025314965788e-06,1.1853868816205604e-05,1.5191641161954496e-05,1.8919964689798794e-05,2.3193070045483228e-05,2.785127259864024e-05,3.3337163427069725e-05,3.959333766009905e-05,4.7389812304362436e-05,5.7002911141890534e-05,6.774322777240752e-05,7.924011013453916e-05,9.21842000119946e-05,0.00010742205214532688,0.00012540535946966758,0.00014647840456363155,0.0001712426638685635,0.00020177843057577,0.00023820720505386488,0.00028200390327941856,0.00033476136419253305,0.0004019128126969662,0.0004944551993288418,0.0006282571045507304,0.0008267997653438321,0.001157088970460113,0.0016549776626316748,0.002242261084120251,0.003036083174985685,0.004416685946019026,0.008213810683604566,0.04722902213945162,0.3636401997587602,0.5301593336703601,0.024397051550057305,0.0058976905593469625,0.003461482933264566
3.3083455926231684e-06,5.86372294228158e-06,8.998573208354882e-06,1.3184562720038826e-05,1.8736354721849375e-05,2.5224532830327163e-05,3.3778288308570805e-05,4.5170177375471464e-05,5.905784428751176e-05,7.762504772060822e-05,0.0001007334609717691,0.00013235834976034933,0.0001756075405872459,0.00023134409278509192,0.00028092982497694144,0.0003473016283698648,0.00046637656767421624,0.0006995995795468787,0.0011715074046236228,0.002119400286724354,0.0038464161161562344,0.009002557313808533,0.16513877375300456,0.4416467456160939,0.29927679301025567,0.04551959508100321,0.011292668986852144,0.00512672178254953,0.003304415851826547,0.002229175005632849,0.0016321825577876032,0.0012863652872101311,0.001008671422274773,0.0008203615429505315,0.0006827220333784306,0.0005717774339455111,0.0004887791607658915,0.00042151307294698297,0.00036603343991518965,0.00032162039048217
3.1913575295130445e-06,5.61194945446281e-06,8.548286170337268e-06,1.2415598208666632e-05,1.7486388692333387e-05,2.3325666680803625e-05,3.078088316047196e-05,4.045896090849909e-05,5.200713107352895e-05,6.714229538646666e-05,8.589931264695853e-05,0.00011134833514995586,0.00014546067569754466,0.00018706168132391507,0.0002256934336867612,0.00027288642377786096,0.0003441172269706453,0.0004636306136548699,0.0006739969495269484,0.0010606583967128413,0.0017750672506594376,0.002812127284787561,0.005024088722072222,0.009361794353229582,0.04417053834690065,0.2674554896474003,0.44945467199601724,0.15596549098947152,0.040408688676477206,0.007390938295699471,0.003223294456807081,0.0023341020887449803,0.0016386386880853675,0.0012441187783547763,0.0009939669131463211,0.000803987241414991,0.0006679829520687539,0.0005605585221272783,0.0004747692953681511,0.00040795897902722803
3.139800727252698e-06,5.501732612785747e-06,8.35256378778632e-06,1.2083799685777629e-05,1.695092154763318e-05,2.2520181853577432e-05,2.9535243849088434e-05,3.853592372458445e-05,4.9187855071932966e-05,6.299967320088536e-05,8.004863453829413e-05,0.00010308203525119209,0.0001336611933070059,0.0001702596244467958,0.0002049111783876074,0.00024570262128670805,0.00030386644332206197,0.0003955459591095913,0.0005466465260269947,0.000809565332967425,0.0012804587384424935,0.001957481786329742,0.0029462677305921127,0.004012875391779958,0.008297795507838256,0.029871619335584573,0.18590100191428294,0.4203631698648688,0.3075929638728325,0.019025456635429427,0.004442105342686937,0.0030952552980369518,0.0020099355580473943,0.0014762712563137746,0.0011668002391777652,0.0009294407092026643,0.0007658039592932407,0.0006364354407045656,0.0005332605361946138,0.00045349868179660804
3.1181054525785347e-06,5.455518664228256e-06,8.27068761659965e-06,1.1945394567134973e-05,1.6728297584967498e-05,2.218654032727386e-05,2.9023480441740377e-05,3.7751150093594087e-05,4.803858879194901e-05,6.134053200264823e-05,7.769054737514155e-05,9.977087977259496e-05,0.00012890335020472688,0.00016364584538646469,0.00019670598758050092,0.000235217165648069,0.0002889428336828046,0.0003709896612476812,0.0005026239540756015,0.0007260554789992989,0.0011218802836399195,0.0016914780236832988,0.002476655713142465,0.0032400434558508984,0.005189471605045011,0.012515560670148682,0.06700499751199401,0.33266648269170024,0.5250482947666489,0.029326215387859633,0.004852562960123052,0.0034109529392131813,0.00213769683516388,0.0015581088560174543,0.0012330649638460102,0.0009807434362681079,0.0008087743995645624,0.0006697686702184263,0.0005590722510254425,0.000473765623414739
2.4267052420840534e-06,3.989688998606794e-06,5.769665384093069e-06,7.904641672254015e-06,1.0508576887993435e-05,1.3319131021879236e-05,1.638629125474025e-05,1.9821198104343008e-05,2.3494579473304612e-05,2.7714425068077493e-05,3.244175960888786e-05,3.817752081875712e-05,4.505478027519742e-05,5.261178344091717e-05,6.0731283246135536e-05,6.978737103727561e-05,8.030551163972207e-05,9.25024125750309e-05,0.00010655963295391593,0.00012269218167372528,0.00014186546068932764,0.00016392843794940272,0.00018941844247640706,0.0002183521866618104,0.0002526094866928056,0.0002954802600190762,0.00035229225226831895,0.000430412896861341,0.0005468387090328707,0.0007227079040461984,0.0009756183628604745,0.0013244743979401142,0.0018292247304283074,0.002625901647608369,0.0037595367761896954,0.004879005037429784,0.04392579462467917,0.759383321260386,0.1557846855199773,0.021366327506718
2.972447755002831e-06,5.148457758340262e-06,7.732227362707164e-06,1.1045382916564681e-05,1.529679387472178e-05,2.0070358318064695e-05,2.5842301555299856e-05,3.299202907456271e-05,4.1225377779519086e-05,5.1583084294391614e-05,6.413098345479553e-05,8.078622934395384e-05,0.00010233058830581248,0.00012736954172356326,0.0001524116875604414,0.0001803685492309492,0.0002149965752745539,0.0002605488897833851,0.0003232382171580053,0.0004152989742014727,0.0005648945104377614,0.0007913155101359613,0.0011327448494876772,0.001612521745994178,0.00228810705000362,0.0031222895999767773,0.003814094746587578,0.0045372443158830265,0.06692017613934922,0.6584139430981513,0.18321290502314602,0.05416801770221769,0.006766237410351493,0.0029013546871295135,0.002137970147584945,0.001618377182066225,0.001302358780324838,0.0010424639321623256,0.0008356769128758986,0.0006819130030923621
2.355340419752728e-06,3.853738304005425e-06,5.548760566133815e-06,7.563753109023083e-06,1.000419566796806e-05,1.262708192021397e-05,1.5467067688798762e-05,1.862136862964125e-05,2.1972350795622272e-05,2.5788837618193926e-05,3.0033479428306095e-05,3.513162262066562e-05,4.1191715656031587e-05,4.7800890309148145e-05,5.4903144581663407e-05,6.280273151517633e-05,7.192429228863811e-05,8.245605429795422e-05,9.453993533886478e-05,0.0001083623065986765,0.00012465977424549576,0.0001433408544557384,0.000164737699671407,0.00018882761607709846,0.00021686494786020806,0.000250998789630792,0.00029464842573168195,0.00035245031886183855,0.00043506420001359394,0.0005548020836483221,0.0007234273934654626,0.0009598178313079102,0.0013142039789440858,0.001907679813910435,0.00289965366247788,0.0041949998212069215,0.010845602774825236,0.101071127459282,0.4475495683466355,0.42505457058139473
2.347252468550629e-06,3.838388262817599e-06,5.523921574132352e-06,7.525578330792334e-06,9.947865561264644e-06,1.2550343183874661e-05,1.5365346542640625e-05,1.8488904099544003e-05,2.180460250611185e-05,2.5579429373959216e-05,2.977230022946476e-05,3.480694289716103e-05,4.077335318383079e-05,4.7285540285654613e-05,5.4281641724817996e-05,6.205628194967592e-05,7.102341498859274e-05,8.13853167778871e-05,9.327031965561835e-05,0.00010686189787612071,0.0001228404785292756,0.00014116385390229317,0.00016210711771623404,0.0001857140632212452,0.00021317870145218164,0.00024650471978627755,0.0002888557977494267,0.00034463308734504955,0.0004242203690980242,0.0005385744217890354,0.0006993715094907686,0.000924501160165095,0.0012592823356537464,0.0018203533211531735,0.002766098994546125,0.004002640602615645,0.009517278533637928,0.0720442088346943,0.369137686354547,0.5344162921424017
